date,temperature_2m_max,temperature_2m_min,temperature_2m_mean,precipitation_sum,windspeed_10m_max,relative_humidity_2m_mean,city,rained,temp_mean_lag1,rain_lag1,humidity_lag1,temp_mean_roll7,rain_sum_roll7,day_of_year,season_sin,season_cos
2022-01-07,27.3,22.2,25.1,2.5,16.6,78,Chennai,1,25.0,0.1,77.0,25.157142857142855,12.2,7,0.1202080448993527,0.9927487224577402
2022-01-08,27.8,22.5,25.4,0.4,17.4,76,Chennai,0,25.1,2.5,78.0,25.185714285714287,4.0,8,0.13727877211326478,0.9905324521322229
2022-01-09,28.1,22.3,25.3,0.0,12.7,77,Chennai,0,25.4,0.4,76.0,25.114285714285717,3.1,9,0.15430882066428117,0.9880226656636976
2022-01-10,28.5,21.9,25.6,0.0,12.5,76,Chennai,0,25.3,0.0,77.0,25.12857142857143,3.1,10,0.1712931441814776,0.9852201067560606
2022-01-11,28.7,23.2,25.9,0.2,15.6,78,Chennai,0,25.6,0.0,76.0,25.285714285714285,3.3000000000000003,11,0.1882267098432442,0.9821256058680006
2022-01-12,28.9,22.7,25.7,2.3,13.0,80,Chennai,1,25.9,0.2,78.0,25.428571428571427,5.5,12,0.2051044998686192,0.9787400799669153
2022-01-13,28.5,23.0,25.6,1.3,13.0,83,Chennai,1,25.7,2.3,80.0,25.514285714285712,6.7,13,0.2219215130041655,0.9750645322571948
2022-01-14,27.2,22.8,25.2,1.9,9.7,85,Chennai,1,25.6,1.3,83.0,25.528571428571432,6.1,14,0.2386727660059501,0.9711000518829505
2022-01-15,27.5,23.0,25.1,3.6,17.7,85,Chennai,1,25.2,1.9,85.0,25.485714285714288,9.3,15,0.255353295116187,0.9668478136052775
2022-01-16,28.0,22.2,25.3,1.4,21.2,79,Chennai,1,25.1,3.6,85.0,25.485714285714284,10.7,16,0.2719581575341055,0.9623090774541486
2022-01-17,27.7,22.7,25.1,3.2,18.9,75,Chennai,1,25.3,1.4,79.0,25.414285714285715,13.9,17,0.288482432880609,0.9574851883550393
2022-01-18,27.1,23.1,25.2,0.9,18.0,71,Chennai,0,25.1,3.2,75.0,25.314285714285713,14.600000000000001,18,0.30492122465628907,0.9523775757303974
2022-01-19,28.4,20.9,24.5,0.0,13.8,72,Chennai,0,25.2,0.9,71.0,25.142857142857142,12.3,19,0.3212696616923644,0.9469877530760753
2022-01-20,28.7,20.1,24.4,0.0,15.4,71,Chennai,0,24.5,0.0,72.0,24.97142857142857,11.0,20,0.3375228995941133,0.9413173175128471
2022-01-21,28.9,20.5,24.7,0.0,18.6,79,Chennai,0,24.4,0.0,71.0,24.9,9.100000000000001,21,0.3536761221763716,0.9353679493131483
2022-01-22,28.9,21.9,25.4,0.0,18.2,84,Chennai,0,24.7,0.0,79.0,24.942857142857143,5.5,22,0.3697245428906731,0.9291414114031743
2022-01-23,30.6,24.0,26.4,0.5,22.2,82,Chennai,0,25.4,0.0,84.0,25.1,4.6,23,0.38566340624360707,0.9226395488404876
2022-01-24,29.7,24.6,26.4,2.1,19.4,81,Chennai,1,26.4,0.5,82.0,25.285714285714285,3.5,24,0.401487989205973,0.9158642882672872
2022-01-25,28.7,22.5,25.7,1.2,17.6,81,Chennai,1,26.4,2.1,81.0,25.357142857142858,3.8,25,0.4171936026123168,0.9088176373395029
2022-01-26,28.1,22.3,25.3,0.1,13.3,78,Chennai,0,25.7,1.2,81.0,25.47142857142857,3.9,26,0.4327755925504312,0.901501684131884
2022-01-27,28.0,23.5,25.5,0.8,17.3,75,Chennai,0,25.3,0.1,78.0,25.628571428571426,4.7,27,0.4482293417404106,0.893918596519257
2022-01-28,28.2,22.5,25.4,0.8,22.0,73,Chennai,0,25.5,0.8,75.0,25.728571428571428,5.5,28,0.4635502709028509,0.886070621534138
2022-01-29,27.6,24.7,25.8,0.5,23.5,72,Chennai,0,25.4,0.8,73.0,25.785714285714285,6.0,29,0.47873384011578846,0.8779600847008882
2022-01-30,28.6,24.2,26.1,0.2,16.2,74,Chennai,0,25.8,0.5,72.0,25.74285714285714,5.7,30,0.49377555015997715,0.869589389346611
2022-01-31,28.9,21.8,25.4,0.0,15.9,78,Chennai,0,26.1,0.2,74.0,25.6,3.6,31,0.5086709438521044,0.8609610158889943
2022-02-01,28.1,21.1,24.7,0.0,13.1,77,Chennai,0,25.4,0.0,78.0,25.457142857142856,2.4000000000000004,32,0.5234156073655503,0.8520775211013093
2022-02-02,27.9,19.5,23.9,0.0,13.0,78,Chennai,0,24.7,0.0,77.0,25.257142857142856,2.3000000000000003,33,0.5380051715382996,0.8429415373547828
2022-02-03,28.2,20.3,24.4,0.0,16.1,74,Chennai,0,23.9,0.0,78.0,25.1,1.5,34,0.5524353131676196,0.8335557718385699
2022-02-04,30.5,22.0,25.9,0.0,17.3,76,Chennai,0,24.4,0.0,74.0,25.17142857142857,0.7,35,0.5667017562911176,0.8239230057575542
2022-02-05,29.1,22.9,26.1,0.5,13.6,79,Chennai,0,25.9,0.0,76.0,25.214285714285715,0.7,36,0.5808002734538009,0.8140460935082178
2022-02-06,28.4,24.2,26.1,0.9,16.2,74,Chennai,0,26.1,0.5,79.0,25.214285714285715,1.4,37,0.5947266869607634,0.8039279618328213
2022-02-07,28.8,22.0,25.7,0.0,16.1,69,Chennai,0,26.1,0.9,74.0,25.257142857142856,1.4,38,0.6084768701151261,0.7935716089521474
2022-02-08,28.5,21.4,25.3,0.0,15.5,72,Chennai,0,25.7,0.0,69.0,25.342857142857145,1.4,39,0.6220467484408675,0.7829801036770629
2022-02-09,28.6,23.5,25.7,0.0,17.7,69,Chennai,0,25.3,0.0,72.0,25.599999999999998,1.4,40,0.6354323008901774,0.7721565844991642
2022-02-10,29.5,22.7,25.8,0.0,19.1,68,Chennai,0,25.7,0.0,69.0,25.8,1.4,41,0.6486295610349814,0.7611042586607747
2022-02-11,29.5,22.9,26.0,0.0,21.9,72,Chennai,0,25.8,0.0,68.0,25.814285714285713,1.4,42,0.6616346182422783,0.7498264012045686
2022-02-12,29.2,23.0,26.2,0.0,19.5,73,Chennai,0,26.0,0.0,72.0,25.828571428571426,0.9,43,0.6744436188329455,0.7383263540031065
2022-02-13,29.2,23.4,26.1,0.1,16.6,72,Chennai,0,26.2,0.0,73.0,25.82857142857143,0.1,44,0.6870527672236669,0.7266075247685656
2022-02-14,28.1,23.2,25.7,2.0,20.3,72,Chennai,1,26.1,0.1,72.0,25.82857142857143,2.1,45,0.699458327051647,0.7146733860429609
2022-02-15,28.7,22.8,25.8,0.0,15.5,66,Chennai,0,25.7,2.0,72.0,25.900000000000002,2.1,46,0.7116566222817746,0.7025274741691571
2022-02-16,28.7,21.3,25.2,0.0,16.0,72,Chennai,0,25.8,0.0,66.0,25.82857142857143,2.1,47,0.7236440382959124,0.6901733882429719
2022-02-17,28.9,21.7,25.6,0.1,14.6,71,Chennai,0,25.2,0.0,72.0,25.8,2.2,48,0.7354170229639855,0.6776147890466889
2022-02-18,29.5,24.4,26.6,0.0,17.8,66,Chennai,0,25.6,0.1,71.0,25.885714285714283,2.2,49,0.7469720876965552,0.6648553979642865
2022-02-19,29.3,22.7,26.2,0.0,17.3,72,Chennai,0,26.6,0.0,66.0,25.88571428571429,2.2,50,0.7583058084785624,0.6518989958787126
2022-02-20,29.7,21.6,25.7,0.0,16.1,77,Chennai,0,26.2,0.0,72.0,25.828571428571426,2.1,51,0.7694148268839378,0.6387494220515272
2022-02-21,31.6,22.0,26.4,0.0,22.6,80,Chennai,0,25.7,0.0,77.0,25.928571428571427,0.1,52,0.7802958510707755,0.6254105729852463
2022-02-22,30.2,23.1,26.7,0.0,13.6,81,Chennai,0,26.4,0.0,80.0,26.057142857142853,0.1,53,0.7909456567567772,0.6118864012687243
2022-02-23,30.0,24.9,27.0,0.0,16.5,73,Chennai,0,26.7,0.0,81.0,26.314285714285713,0.1,54,0.8013610881746766,0.5981809144059165
2022-02-24,29.9,23.0,26.2,0.1,14.8,71,Chennai,0,27.0,0.0,73.0,26.400000000000002,0.1,55,0.8115390590073611,0.5842981736283684
2022-02-25,29.5,21.3,25.5,0.0,16.0,71,Chennai,0,26.2,0.1,71.0,26.24285714285714,0.1,56,0.8214765533024142,0.5702422926917871
2022-02-26,30.0,22.1,26.2,0.1,19.0,72,Chennai,0,25.5,0.0,71.0,26.24285714285714,0.2,57,0.8311706263658079,0.5560174366570446
2022-02-27,29.9,23.3,26.6,0.0,15.8,72,Chennai,0,26.2,0.1,72.0,26.37142857142857,0.2,58,0.8406184056344782,0.5416278206559814
2022-02-28,30.3,22.5,26.4,0.0,16.5,75,Chennai,0,26.6,0.0,72.0,26.37142857142857,0.2,59,0.8498170915275278,0.5270777086423722
2022-03-01,32.3,22.2,26.4,0.0,15.9,72,Chennai,0,26.4,0.0,75.0,26.32857142857143,0.2,60,0.8587639582758029,0.5123714121284237
2022-03-02,30.7,20.3,25.9,0.0,16.8,75,Chennai,0,26.4,0.0,72.0,26.171428571428574,0.2,61,0.8674563547295969,0.49751328890718066
2022-03-03,30.4,22.3,26.5,0.1,21.5,77,Chennai,0,25.9,0.0,75.0,26.214285714285715,0.2,62,0.8758917051442429,0.48250774176121847
2022-03-04,30.5,24.1,27.1,0.3,29.4,69,Chennai,0,26.5,0.1,77.0,26.442857142857143,0.5,63,0.8840675099433636,0.4673592171580022
2022-03-05,30.8,24.9,27.7,0.0,26.0,60,Chennai,0,27.1,0.3,69.0,26.657142857142855,0.4,64,0.8919813464595485,0.45207220393230435
2022-03-06,28.9,25.3,26.9,0.2,27.1,61,Chennai,0,27.7,0.0,60.0,26.7,0.6000000000000001,65,0.8996308696522433,0.43665123195606403
2022-03-07,30.1,25.2,27.6,0.0,21.1,68,Chennai,0,26.9,0.2,61.0,26.87142857142857,0.6000000000000001,66,0.9070138128026359,0.4211008707960896
2022-03-08,30.9,22.2,26.4,0.0,15.2,76,Chennai,0,27.6,0.0,68.0,26.87142857142857,0.6000000000000001,67,0.9141279881853337,0.40542572835999735
2022-03-09,31.2,21.7,26.4,0.0,14.8,74,Chennai,0,26.4,0.0,76.0,26.942857142857143,0.6000000000000001,68,0.9209712877166346,0.38963044953078796
2022-03-10,30.7,21.9,26.0,0.0,13.4,78,Chennai,0,26.4,0.0,74.0,26.87142857142857,0.49999999999999994,69,0.9275416835791966,0.37371971479046906
2022-03-11,30.6,22.0,26.0,0.0,15.5,79,Chennai,0,26.0,0.0,78.0,26.714285714285715,0.2,70,0.9338372288229252,0.35769823883312546
2022-03-12,31.5,22.3,26.2,0.0,15.0,77,Chennai,0,26.0,0.0,79.0,26.5,0.2,71,0.9398560579418954,0.3415707691678556
2022-03-13,31.9,21.9,26.7,0.0,15.9,74,Chennai,0,26.2,0.0,77.0,26.47142857142857,0.0,72,0.9455963874271426,0.3253420847119801
2022-03-14,32.6,22.2,26.9,0.0,15.5,75,Chennai,0,26.7,0.0,74.0,26.37142857142857,0.0,73,0.9510565162951535,0.30901699437494745
2022-03-15,32.9,22.7,27.0,0.0,17.1,74,Chennai,0,26.9,0.0,75.0,26.457142857142856,0.0,74,0.9562348265919056,0.29260033563334836
2022-03-16,32.6,22.8,27.0,0.0,18.1,77,Chennai,0,27.0,0.0,74.0,26.54285714285714,0.0,75,0.9611297838723007,0.27609697309746883
2022-03-17,32.6,22.7,27.3,0.0,19.6,77,Chennai,0,27.0,0.0,77.0,26.728571428571428,0.0,76,0.9657399376548549,0.2595117970697999
2022-03-18,32.2,23.7,27.6,0.0,23.3,80,Chennai,0,27.3,0.0,77.0,26.957142857142856,0.0,77,0.9700639218515071,0.2428497220959356
2022-03-19,33.0,25.5,28.3,0.0,21.1,79,Chennai,0,27.6,0.0,80.0,27.25714285714286,0.0,78,0.9741004551724205,0.22611568550828828
2022-03-20,33.7,26.1,28.7,4.8,15.2,81,Chennai,1,28.3,0.0,79.0,27.542857142857144,4.8,79,0.9778483415056568,0.20931464596304847
2022-03-21,33.3,26.3,29.4,0.0,17.1,79,Chennai,0,28.7,4.8,81.0,27.900000000000002,4.8,80,0.9813064702716093,0.19245158197082998
2022-03-22,33.2,27.2,29.6,0.0,14.7,79,Chennai,0,29.4,0.0,79.0,28.271428571428572,4.8,81,0.9844738167520922,0.1755314904214282
2022-03-23,32.6,27.0,29.2,0.2,22.1,82,Chennai,0,29.6,0.0,79.0,28.58571428571429,5.0,82,0.9873494423939864,0.15855938510313475
2022-03-24,32.0,26.5,28.8,0.8,23.2,81,Chennai,0,29.2,0.2,82.0,28.8,5.8,83,0.989932495087353,0.141540295217043
2022-03-25,31.7,26.2,28.7,0.5,21.1,78,Chennai,0,28.8,0.8,81.0,28.957142857142856,6.3,84,0.9922222094179323,0.12447926388678915
2022-03-26,32.0,26.2,28.8,0.6,21.8,79,Chennai,0,28.7,0.5,78.0,29.02857142857143,6.8999999999999995,85,0.994217906893952,0.10738134666416309
2022-03-27,32.4,26.1,28.9,0.1,25.3,78,Chennai,0,28.8,0.6,79.0,29.057142857142857,2.2,86,0.995918996147179,0.09025161003104117
2022-03-28,33.3,25.9,29.0,0.0,26.9,79,Chennai,0,28.9,0.1,78.0,29.0,2.2,87,0.9973249731081555,0.07309512989807777
2022-03-29,33.9,26.4,29.2,0.0,28.0,78,Chennai,0,29.0,0.0,79.0,28.942857142857143,2.2,88,0.9984354211555643,0.055916990100603484
2022-03-30,34.2,27.1,29.6,0.1,26.9,79,Chennai,0,29.2,0.0,78.0,29.0,2.0999999999999996,89,0.9992500112396835,0.03872228089217446
2022-03-31,34.3,26.8,29.7,0.0,26.0,76,Chennai,0,29.6,0.1,79.0,29.12857142857143,1.3,90,0.9997685019798909,0.021516097436222254
2022-04-01,32.3,26.8,29.1,0.7,27.3,80,Chennai,0,29.7,0.0,76.0,29.185714285714283,1.5,91,0.9999907397361901,0.004303538296244289
2022-04-02,32.6,26.7,28.9,0.6,25.3,79,Chennai,0,29.1,0.7,80.0,29.2,1.5,92,0.9999166586547379,-0.01291029607500882
2022-04-03,32.3,25.7,28.7,0.0,22.3,79,Chennai,0,28.9,0.6,79.0,29.17142857142857,1.4,93,0.9995462806873573,-0.030120304846908114
2022-04-04,31.8,26.4,28.8,0.1,19.5,77,Chennai,0,28.7,0.0,79.0,29.142857142857142,1.5,94,0.9988797155850336,-0.04732138832243185
2022-04-05,31.9,25.7,28.6,0.2,20.2,77,Chennai,0,28.8,0.1,77.0,29.057142857142857,1.7,95,0.9979171608653922,-0.06450844944931623
2022-04-06,31.9,25.4,28.5,0.0,19.1,78,Chennai,0,28.6,0.2,77.0,28.900000000000002,1.6,96,0.9966589017541702,-0.08167639533042241
2022-04-07,32.3,25.8,28.8,0.0,19.5,78,Chennai,0,28.5,0.0,78.0,28.771428571428572,1.6,97,0.9951053111006976,-0.09882013873287143
2022-04-08,32.1,26.5,29.2,0.1,15.6,74,Chennai,0,28.8,0.0,78.0,28.785714285714285,1.0,98,0.9932568492674143,-0.11593459959550041
2022-04-09,31.4,26.4,28.8,0.5,17.0,77,Chennai,0,29.2,0.1,74.0,28.771428571428572,0.9000000000000001,99,0.9911140639934547,-0.1330147065341959
2022-04-10,31.9,25.7,28.9,0.5,16.3,77,Chennai,0,28.8,0.5,77.0,28.800000000000004,1.4000000000000001,100,0.9886775902323405,-0.1500553983446526
2022-04-11,30.6,26.8,28.8,1.2,15.5,77,Chennai,1,28.9,0.5,77.0,28.8,2.5,101,0.9859481499638304,-0.16705162550211924
2022-04-12,31.6,26.5,28.9,0.8,18.0,78,Chennai,0,28.8,1.2,77.0,28.842857142857145,3.1000000000000005,102,0.9829265519799822,-0.18399835165768005
2022-04-13,31.4,26.4,28.6,1.1,18.6,80,Chennai,1,28.9,0.8,78.0,28.857142857142858,4.2,103,0.9796136916454901,-0.20089055513063506
2022-04-14,33.1,26.5,29.4,1.2,23.5,76,Chennai,1,28.6,1.1,80.0,28.942857142857143,5.4,104,0.9760105506323683,-0.21772323039653177
2022-04-15,33.6,27.2,30.1,0.0,24.5,74,Chennai,0,29.4,1.2,76.0,29.071428571428573,5.3,105,0.9721181966290613,-0.23449138957040985
2022-04-16,35.0,27.8,30.5,0.0,25.8,76,Chennai,0,30.1,0.0,74.0,29.314285714285713,4.8,106,0.9679377830240642,-0.25119006388481935
2022-04-17,33.3,28.0,30.3,0.5,19.6,77,Chennai,0,30.5,0.0,76.0,29.514285714285716,4.8,107,0.9634705485641488,-0.2678143051621742
2022-04-18,32.8,26.9,29.7,0.2,17.2,77,Chennai,0,30.3,0.5,77.0,29.642857142857142,3.8000000000000003,108,0.9587178169872964,-0.2843591872810034
2022-04-19,33.6,27.3,30.1,0.0,20.9,78,Chennai,0,29.7,0.2,77.0,29.814285714285713,3.0,109,0.9536809966304457,-0.30081980763566735
2022-04-20,33.0,27.1,29.8,0.1,23.2,79,Chennai,0,30.1,0.0,78.0,29.985714285714288,2.0,110,0.9483615800121715,-0.3171912885891061
2022-04-21,32.8,27.6,29.8,0.1,22.4,73,Chennai,0,29.8,0.1,79.0,30.042857142857144,0.9,111,0.9427611433904207,-0.3334687789181868
2022-04-22,33.1,26.9,29.8,0.0,18.6,69,Chennai,0,29.8,0.1,73.0,30.0,0.9,112,0.9368813462954315,-0.3496474552512284
2022-04-23,33.4,26.7,29.9,0.0,22.8,73,Chennai,0,29.8,0.0,69.0,29.914285714285715,0.9,113,0.9307239310379795,-0.36572252349726897
2022-04-24,33.5,26.8,29.9,0.0,19.6,76,Chennai,0,29.9,0.0,73.0,29.857142857142858,0.4,114,0.9242907221930933,-0.3816892202666588
2022-04-25,34.4,26.3,29.9,0.0,26.1,75,Chennai,0,29.9,0.0,76.0,29.885714285714283,0.2,115,0.9175836260593937,-0.39754281428255595
2022-04-26,34.0,26.5,29.9,0.0,26.1,76,Chennai,0,29.9,0.0,75.0,29.857142857142858,0.2,116,0.9106046300942162,-0.4132786077829042
2022-04-27,33.7,26.6,29.8,0.0,23.9,77,Chennai,0,29.9,0.0,76.0,29.857142857142858,0.1,117,0.9033558023246845,-0.4288919379124835
2022-04-28,34.1,27.0,29.9,0.0,27.4,76,Chennai,0,29.8,0.0,77.0,29.87142857142857,0.0,118,0.895839290734909,-0.4443781781046132
2022-04-29,34.0,27.4,30.2,0.0,24.0,79,Chennai,0,29.9,0.0,76.0,29.928571428571427,0.0,119,0.8880573226294932,-0.45973273945210397
2022-04-30,34.9,27.3,30.5,0.0,22.6,78,Chennai,0,30.2,0.0,79.0,30.014285714285712,0.0,120,0.8800122039735357,-0.47495107206704995
2022-05-01,35.2,28.0,30.7,0.0,24.3,78,Chennai,0,30.5,0.0,78.0,30.128571428571426,0.0,121,0.8717063187093218,-0.4900286664290592
2022-05-02,34.5,28.3,30.8,0.0,20.5,78,Chennai,0,30.7,0.0,78.0,30.25714285714286,0.0,122,0.8631421280499114,-0.5049610547215204
2022-05-03,34.3,28.6,30.8,0.0,23.7,77,Chennai,0,30.8,0.0,78.0,30.38571428571429,0.0,123,0.854322169749827,-0.5197438121555155
2022-05-04,33.4,27.9,30.4,0.1,21.5,77,Chennai,0,30.8,0.0,77.0,30.471428571428568,0.1,124,0.8452490573530633,-0.5343725582809786
2022-05-05,33.4,27.3,30.1,0.2,18.6,78,Chennai,0,30.4,0.1,77.0,30.5,0.30000000000000004,125,0.8359254794186372,-0.548842958284719
2022-05-06,34.9,27.9,30.8,0.0,23.2,77,Chennai,0,30.1,0.2,78.0,30.585714285714285,0.30000000000000004,126,0.8263541987239096,-0.5631507242749186
2022-05-07,34.7,27.3,30.5,0.0,16.5,77,Chennai,0,30.8,0.0,77.0,30.585714285714285,0.30000000000000004,127,0.8165380514459161,-0.5772916165517272
2022-05-08,35.1,27.8,30.6,0.0,13.7,78,Chennai,0,30.5,0.0,77.0,30.571428571428573,0.30000000000000004,128,0.8064799463209448,-0.5912614448635781
2022-05-09,35.8,27.9,30.8,0.3,14.7,73,Chennai,0,30.6,0.0,78.0,30.571428571428573,0.6,129,0.7961828637826158,-0.6050560696488488
2022-05-10,30.9,26.4,28.2,22.3,31.4,80,Chennai,1,30.8,0.3,73.0,30.199999999999996,22.900000000000002,130,0.7856498550787147,-0.6186714032625031
2022-05-11,34.1,25.4,30.3,4.0,25.5,58,Chennai,1,28.2,22.3,80.0,30.185714285714287,26.8,131,0.7748840413670407,-0.6321034111873487
2022-05-12,32.2,25.0,28.2,13.8,21.3,69,Chennai,1,30.3,4.0,58.0,29.91428571428571,40.400000000000006,132,0.7638886127905428,-0.6453481132295501
2022-05-13,33.6,24.9,28.7,6.5,18.4,77,Chennai,1,28.2,13.8,69.0,29.614285714285717,46.900000000000006,133,0.7526668275320085,-0.6584015846980488
2022-05-14,34.6,26.0,29.1,16.8,19.4,78,Chennai,1,28.7,6.5,77.0,29.414285714285715,63.7,134,0.7412220108485958,-0.6712599575675313
2022-05-15,34.0,25.7,28.9,16.3,17.7,83,Chennai,1,29.1,16.8,78.0,29.171428571428574,80.0,135,0.7295575540864875,-0.6839194216246106
2022-05-16,32.9,26.3,28.8,0.3,16.6,83,Chennai,0,28.9,16.3,83.0,28.885714285714283,80.0,136,0.717676913675962,-0.6963762255968722
2022-05-17,32.1,26.3,28.9,4.6,19.7,81,Chennai,1,28.8,0.3,83.0,28.985714285714288,62.300000000000004,137,0.705583610107178,-0.7086266782644596
2022-05-18,32.3,26.2,29.1,2.3,23.3,80,Chennai,1,28.9,4.6,81.0,28.814285714285713,60.6,138,0.6932812268869777,-0.7206671495538609
2022-05-19,33.9,27.4,30.0,0.9,22.7,72,Chennai,0,29.1,2.3,80.0,29.071428571428573,47.699999999999996,139,0.6807734094770161,-0.7324940716135789
2022-05-20,34.7,26.2,29.9,7.3,16.8,65,Chennai,1,30.0,0.9,72.0,29.24285714285714,48.50000000000001,140,0.6680638642135335,-0.7441039398713607
2022-05-21,35.9,27.2,31.0,0.6,24.3,55,Chennai,0,29.9,7.3,65.0,29.514285714285712,32.3,141,0.6551563572090853,-0.7554933140726803
2022-05-22,37.5,28.2,31.9,0.0,21.0,52,Chennai,0,31.0,0.6,55.0,29.942857142857143,16.0,142,0.6420547132365637,-0.766658819300159
2022-05-23,36.5,28.3,31.0,0.0,19.4,65,Chennai,0,31.9,0.0,52.0,30.25714285714286,15.7,143,0.6287628145958344,-0.7775971469736269
2022-05-24,36.3,27.8,30.9,0.3,19.1,72,Chennai,0,31.0,0.0,65.0,30.542857142857144,11.4,144,0.6152845999633276,-0.7883050558305255
2022-05-25,35.8,27.8,30.8,0.0,17.7,74,Chennai,0,30.9,0.3,72.0,30.78571428571428,9.1,145,0.6016240632249226,-0.7987793728863649
2022-05-26,35.7,28.0,31.1,4.6,17.6,68,Chennai,1,30.8,0.0,74.0,30.942857142857147,12.8,146,0.5877852522924732,-0.8090169943749473
2022-05-27,37.0,27.0,30.7,0.4,19.5,66,Chennai,0,31.1,4.6,68.0,31.057142857142857,5.9,147,0.5737722679043246,-0.8190148866680801
2022-05-28,37.3,28.0,31.7,0.0,20.7,61,Chennai,0,30.7,0.4,66.0,31.157142857142855,5.300000000000001,148,0.5595892624101765,-0.8287700871745038
2022-05-29,37.6,28.5,31.8,0.1,19.6,62,Chennai,0,31.7,0.0,61.0,31.142857142857142,5.4,149,0.545240438540651,-0.8382797052177744
2022-05-30,36.7,28.0,31.4,0.1,18.8,66,Chennai,0,31.8,0.1,62.0,31.2,5.5,150,0.5307300481619334,-0.8475409228928311
2022-05-31,36.4,28.3,31.4,0.0,18.9,61,Chennai,0,31.4,0.1,66.0,31.27142857142857,5.199999999999999,151,0.5160623910158528,-0.8565509959010036
2022-06-01,37.3,28.0,31.4,0.0,18.7,63,Chennai,0,31.4,0.0,61.0,31.357142857142858,5.199999999999999,152,0.5012418134457758,-0.865307254363206
2022-06-02,37.7,28.2,31.9,0.1,17.4,61,Chennai,0,31.4,0.0,63.0,31.471428571428568,0.7000000000000001,153,0.48627270710868997,-0.8738071036110808
2022-06-03,36.9,28.7,31.3,0.0,19.3,64,Chennai,0,31.9,0.1,61.0,31.557142857142857,0.30000000000000004,154,0.4711595076738638,-0.8820480249558537
2022-06-04,35.6,28.8,31.3,0.0,19.9,66,Chennai,0,31.3,0.0,64.0,31.5,0.30000000000000004,155,0.4559066935084588,-0.8900275764346767
2022-06-05,36.4,28.6,31.3,0.0,24.8,68,Chennai,0,31.3,0.0,66.0,31.428571428571427,0.2,156,0.440518784350495,-0.8977433935342337
2022-06-06,35.3,24.8,29.7,2.3,17.1,71,Chennai,1,31.3,0.0,68.0,31.185714285714283,2.4,157,0.42500033996955416,-0.9051931898913974
2022-06-07,36.4,26.4,30.8,0.1,17.2,66,Chennai,0,29.7,2.3,71.0,31.099999999999998,2.5,158,0.4093559588156213,-0.9123747579707273
2022-06-08,37.5,28.5,31.7,0.5,18.0,61,Chennai,0,30.8,0.1,66.0,31.142857142857142,3.0,159,0.39359027665646673,-0.9192859697186104
2022-06-09,35.4,28.5,30.9,0.0,20.7,65,Chennai,0,31.7,0.5,61.0,31.0,2.9,160,0.3777079652039649,-0.9259247771938498
2022-06-10,36.7,28.4,31.4,0.0,23.0,65,Chennai,0,30.9,0.0,65.0,31.014285714285712,2.9,161,0.36171373072976765,-0.9322892131745133
2022-06-11,36.7,28.7,31.3,0.0,24.1,65,Chennai,0,31.4,0.0,65.0,31.014285714285712,2.9,162,0.3456123126707335,-0.9383773917408641
2022-06-12,35.2,28.8,30.9,0.0,22.1,65,Chennai,0,31.3,0.0,65.0,30.957142857142856,2.9,163,0.3294084822245304,-0.9441875088341993
2022-06-13,34.8,27.4,30.4,0.0,16.6,66,Chennai,0,30.9,0.0,65.0,31.057142857142857,0.6,164,0.3131070409358269,-0.9497178427914316
2022-06-14,35.7,26.4,30.5,5.2,26.3,71,Chennai,1,30.4,0.0,66.0,31.014285714285712,5.7,165,0.29671281927349075,-0.9549667548552551
2022-06-15,32.7,25.8,28.9,5.6,20.0,76,Chennai,1,30.5,5.2,71.0,30.614285714285717,10.8,166,0.28023067519921585,-0.9599326896597447
2022-06-16,32.5,25.4,28.6,4.5,23.2,80,Chennai,1,28.9,5.6,76.0,30.285714285714285,15.3,167,0.26366549272800704,-0.9646141756912435
2022-06-17,30.8,24.9,28.1,0.5,19.8,80,Chennai,0,28.6,4.5,80.0,29.814285714285713,15.8,168,0.24702218048093552,-0.9690098257244062
2022-06-18,31.2,26.4,28.6,5.3,20.6,80,Chennai,1,28.1,0.5,80.0,29.428571428571427,21.1,169,0.23030567023061221,-0.9731183372332619
2022-06-19,32.8,25.8,28.9,7.4,19.0,81,Chennai,1,28.6,5.3,80.0,29.142857142857142,28.5,170,0.21352091543979612,-0.9769384927771817
2022-06-20,33.2,25.6,28.9,0.9,18.1,80,Chennai,0,28.9,7.4,81.0,28.928571428571427,29.4,171,0.19667288979357647,-0.980469160361632
2022-06-21,33.2,26.1,28.9,5.6,14.4,76,Chennai,1,28.9,0.9,80.0,28.7,29.8,172,0.1797665857255624,-0.9837092937736097
2022-06-22,33.1,26.4,29.2,1.1,18.6,75,Chennai,1,28.9,5.6,76.0,28.74285714285714,25.3,173,0.16280701293851715,-0.986657932891657
2022-06-23,32.5,26.4,29.1,3.5,16.0,76,Chennai,1,29.2,1.1,75.0,28.814285714285713,24.3,174,0.1457991969198751,-0.9893142039703663
2022-06-24,33.5,27.7,29.9,1.6,25.5,75,Chennai,1,29.1,3.5,76.0,29.071428571428573,25.4,175,0.12874817745258132,-0.99167731989929
2022-06-25,34.6,26.2,29.9,0.3,19.6,66,Chennai,0,29.9,1.6,75.0,29.25714285714286,20.400000000000002,176,0.11165900712169512,-0.993746580436178
2022-06-26,35.0,27.5,30.3,0.6,18.6,65,Chennai,0,29.9,0.3,66.0,29.457142857142856,13.6,177,0.09453674981719912,-0.9955213724144752
2022-06-27,33.5,28.0,29.8,0.2,16.7,68,Chennai,0,30.3,0.6,65.0,29.585714285714285,12.9,178,0.07738647923346301,-0.9970011699250151
2022-06-28,33.2,26.9,29.4,0.4,12.8,74,Chennai,0,29.8,0.2,68.0,29.657142857142855,7.7,179,0.06021327736579302,-0.9981855344718586
2022-06-29,34.8,27.2,29.7,3.0,16.1,73,Chennai,1,29.4,0.4,74.0,29.728571428571428,9.6,180,0.04302223300453059,-0.99907411510223
2022-06-30,35.1,27.2,30.2,0.3,16.4,70,Chennai,0,29.7,3.0,73.0,29.885714285714283,6.3999999999999995,181,0.02581844022713308,-0.9996666485105112
2022-07-01,35.1,26.3,29.9,5.3,18.4,69,Chennai,1,30.2,0.3,70.0,29.885714285714283,10.1,182,0.008606996888688698,-0.9999629591162655
2022-07-02,34.9,26.3,30.0,1.1,16.8,70,Chennai,1,29.9,5.3,69.0,29.9,10.899999999999999,183,-0.008606996888688009,-0.9999629591162655
2022-07-03,34.4,25.2,29.6,16.1,20.3,72,Chennai,1,30.0,1.1,70.0,29.800000000000004,26.4,184,-0.02581844022713239,-0.9996666485105112
2022-07-04,34.3,27.0,30.3,6.7,21.5,63,Chennai,1,29.6,16.1,72.0,29.87142857142857,32.9,185,-0.04302223300453034,-0.99907411510223
2022-07-05,32.2,26.4,28.9,5.2,22.5,69,Chennai,1,30.3,6.7,63.0,29.8,37.7,186,-0.060213277365792774,-0.9981855344718586
2022-07-06,30.8,25.7,27.6,5.1,16.1,79,Chennai,1,28.9,5.2,69.0,29.5,39.8,187,-0.07738647923346322,-0.9970011699250151
2022-07-07,33.0,25.3,28.5,5.5,17.8,75,Chennai,1,27.6,5.1,79.0,29.25714285714286,45.0,188,-0.09453674981719933,-0.9955213724144752
2022-07-08,33.1,26.7,28.9,0.1,18.2,68,Chennai,0,28.5,5.5,75.0,29.114285714285717,39.8,189,-0.11165900712169444,-0.9937465804361781
2022-07-09,30.9,25.9,28.1,2.7,22.3,72,Chennai,1,28.9,0.1,68.0,28.842857142857145,41.4,190,-0.12874817745258066,-0.99167731989929
2022-07-10,34.9,25.7,29.0,1.2,24.5,69,Chennai,1,28.1,2.7,72.0,28.75714285714286,26.499999999999996,191,-0.14579919691987442,-0.9893142039703664
2022-07-11,33.0,27.2,29.4,0.6,28.5,64,Chennai,0,29.0,1.2,69.0,28.62857142857143,20.4,192,-0.16280701293851646,-0.9866579328916572
2022-07-12,35.1,26.7,30.3,0.5,24.6,58,Chennai,0,29.4,0.6,64.0,28.82857142857143,15.699999999999996,193,-0.17976658572556214,-0.9837092937736098
2022-07-13,35.7,28.0,30.9,0.8,32.3,53,Chennai,0,30.3,0.5,58.0,29.3,11.399999999999997,194,-0.19667288979357622,-0.9804691603616321
2022-07-14,35.9,27.9,31.3,0.0,30.4,51,Chennai,0,30.9,0.8,53.0,29.7,5.899999999999997,195,-0.2135209154397959,-0.9769384927771817
2022-07-15,36.6,27.6,31.2,0.3,25.0,53,Chennai,0,31.3,0.0,51.0,30.02857142857143,6.099999999999997,196,-0.23030567023061196,-0.973118337233262
2022-07-16,36.7,27.1,30.5,0.3,23.5,59,Chennai,0,31.2,0.3,53.0,30.37142857142857,3.6999999999999966,197,-0.24702218048093527,-0.9690098257244063
2022-07-17,34.3,26.3,29.1,2.2,20.0,72,Chennai,1,30.5,0.3,59.0,30.385714285714283,4.699999999999997,198,-0.2636654927280072,-0.9646141756912435
2022-07-18,31.8,25.8,28.0,3.3,15.8,78,Chennai,1,29.1,2.2,72.0,30.185714285714287,7.399999999999997,199,-0.2802306751992161,-0.9599326896597445
2022-07-19,33.4,26.2,29.0,0.1,14.6,75,Chennai,0,28.0,3.3,78.0,30.0,6.9999999999999964,200,-0.2967128192734901,-0.9549667548552553
2022-07-20,32.2,25.9,28.7,10.8,16.0,79,Chennai,1,29.0,0.1,75.0,29.685714285714287,16.999999999999996,201,-0.3131070409358267,-0.9497178427914317
2022-07-21,32.6,24.7,28.7,19.8,20.0,81,Chennai,1,28.7,10.8,79.0,29.314285714285713,36.8,202,-0.3294084822245302,-0.9441875088341994
2022-07-22,30.8,25.1,27.8,9.7,12.6,83,Chennai,1,28.7,19.8,81.0,28.82857142857143,46.2,203,-0.3456123126707333,-0.9383773917408642
2022-07-23,32.2,24.8,27.7,5.5,15.8,83,Chennai,1,27.8,9.7,83.0,28.428571428571427,51.39999999999999,204,-0.3617137307297674,-0.9322892131745134
2022-07-24,31.4,25.0,27.8,2.9,13.6,81,Chennai,1,27.7,5.5,83.0,28.24285714285714,52.099999999999994,205,-0.37770796520396466,-0.9259247771938499
2022-07-25,32.4,25.6,28.5,1.7,11.5,78,Chennai,1,27.8,2.9,81.0,28.314285714285713,50.49999999999999,206,-0.39359027665646645,-0.9192859697186105
2022-07-26,30.9,25.1,27.6,10.3,15.1,81,Chennai,1,28.5,1.7,78.0,28.11428571428571,60.699999999999996,207,-0.4093559588156211,-0.9123747579707274
2022-07-27,30.2,25.2,27.6,1.6,13.3,82,Chennai,1,27.6,10.3,81.0,27.957142857142856,51.5,208,-0.42500033996955394,-0.9051931898913975
2022-07-28,31.1,25.4,28.3,0.4,12.6,81,Chennai,0,27.6,1.6,82.0,27.900000000000002,32.099999999999994,209,-0.4405187843504952,-0.8977433935342336
2022-07-29,29.6,24.9,27.9,2.1,15.0,84,Chennai,1,28.3,0.4,81.0,27.914285714285715,24.499999999999993,210,-0.455906693508459,-0.8900275764346766
2022-07-30,31.8,26.3,28.5,0.4,15.9,81,Chennai,0,27.9,2.1,84.0,28.028571428571432,19.399999999999995,211,-0.47115950767386394,-0.8820480249558535
2022-07-31,31.2,25.6,28.7,1.5,14.3,80,Chennai,1,28.5,0.4,81.0,28.157142857142855,17.999999999999993,212,-0.4862727071086902,-0.8738071036110807
2022-08-01,32.4,25.1,28.7,7.2,16.6,79,Chennai,1,28.7,1.5,80.0,28.185714285714287,23.499999999999993,213,-0.5012418134457756,-0.8653072543632061
2022-08-02,31.9,25.1,28.2,19.0,15.4,81,Chennai,1,28.7,7.2,79.0,28.271428571428572,32.199999999999996,214,-0.5160623910158526,-0.8565509959010037
2022-08-03,28.2,24.5,26.3,16.9,11.2,88,Chennai,1,28.2,19.0,81.0,28.08571428571429,47.49999999999999,215,-0.5307300481619331,-0.8475409228928312
2022-08-04,30.4,24.4,26.6,21.2,15.5,88,Chennai,1,26.3,16.9,88.0,27.842857142857145,68.3,216,-0.5452404385406507,-0.8382797052177745
2022-08-05,30.7,25.0,27.7,0.0,20.2,77,Chennai,0,26.6,21.2,88.0,27.814285714285713,66.2,217,-0.5595892624101763,-0.828770087174504
2022-08-06,29.8,26.5,27.9,2.8,20.2,72,Chennai,1,27.7,0.0,77.0,27.728571428571428,68.6,218,-0.5737722679043243,-0.8190148866680802
2022-08-07,31.8,26.4,28.8,0.4,21.1,69,Chennai,0,27.9,2.8,72.0,27.74285714285714,67.5,219,-0.5877852522924734,-0.8090169943749472
2022-08-08,33.1,27.1,29.6,0.0,24.5,63,Chennai,0,28.8,0.4,69.0,27.871428571428574,60.29999999999999,220,-0.6016240632249227,-0.7987793728863648
2022-08-09,34.5,27.2,30.2,0.0,27.5,59,Chennai,0,29.6,0.0,63.0,28.157142857142855,41.3,221,-0.6152845999633277,-0.7883050558305253
2022-08-10,34.2,26.7,30.0,0.2,25.8,57,Chennai,0,30.2,0.0,59.0,28.685714285714287,24.599999999999994,222,-0.6287628145958345,-0.7775971469736268
2022-08-11,35.7,26.2,30.0,0.0,25.6,62,Chennai,0,30.0,0.2,57.0,29.17142857142857,3.3999999999999964,223,-0.6420547132365636,-0.7666588193001592
2022-08-12,35.4,27.6,30.7,0.1,19.3,60,Chennai,0,30.0,0.0,62.0,29.599999999999998,3.4999999999999964,224,-0.655156357209085,-0.7554933140726804
2022-08-13,35.2,27.4,30.2,0.2,14.8,65,Chennai,0,30.7,0.1,60.0,29.928571428571427,0.8999999999999965,225,-0.6680638642135333,-0.7441039398713608
2022-08-14,33.9,27.1,29.4,0.0,15.3,64,Chennai,0,30.2,0.2,65.0,30.014285714285712,0.49999999999999645,226,-0.6807734094770159,-0.7324940716135792
2022-08-15,33.3,26.5,29.1,0.3,20.6,75,Chennai,0,29.4,0.0,64.0,29.942857142857143,0.7999999999999965,227,-0.6932812268869771,-0.7206671495538615
2022-08-16,32.2,27.0,29.1,5.7,18.1,79,Chennai,1,29.1,0.3,75.0,29.785714285714285,6.4999999999999964,228,-0.7055836101071774,-0.70862667826446
2022-08-17,32.8,25.6,28.7,10.0,20.3,78,Chennai,1,29.1,5.7,79.0,29.599999999999998,16.299999999999997,229,-0.7176769136759615,-0.6963762255968726
2022-08-18,33.7,26.7,29.5,1.6,23.1,76,Chennai,1,28.7,10.0,78.0,29.52857142857143,17.9,230,-0.7295575540864876,-0.6839194216246105
2022-08-19,33.5,25.2,29.0,1.3,22.3,75,Chennai,1,29.5,1.6,76.0,29.285714285714285,19.099999999999994,231,-0.7412220108485957,-0.6712599575675315
2022-08-20,34.7,27.5,30.0,0.0,17.1,70,Chennai,0,29.0,1.3,75.0,29.25714285714286,18.899999999999995,232,-0.7526668275320083,-0.6584015846980489
2022-08-21,33.3,25.6,29.3,1.1,21.0,73,Chennai,1,30.0,0.0,70.0,29.24285714285714,19.999999999999996,233,-0.7638886127905429,-0.64534811322955
2022-08-22,34.5,25.7,29.0,4.9,19.1,74,Chennai,1,29.3,1.1,73.0,29.228571428571428,24.599999999999994,234,-0.7748840413670406,-0.6321034111873488
2022-08-23,34.0,25.9,28.9,1.9,17.8,74,Chennai,1,29.0,4.9,74.0,29.2,20.799999999999997,235,-0.7856498550787144,-0.6186714032625032
2022-08-24,31.8,24.7,28.3,12.9,14.8,78,Chennai,1,28.9,1.9,74.0,29.142857142857142,23.699999999999996,236,-0.7961828637826154,-0.6050560696488494
2022-08-25,33.1,25.0,28.2,2.5,14.1,77,Chennai,1,28.3,12.9,78.0,28.957142857142856,24.599999999999994,237,-0.8064799463209447,-0.5912614448635782
2022-08-26,32.5,24.3,27.9,8.2,13.5,80,Chennai,1,28.2,2.5,77.0,28.8,31.5,238,-0.8165380514459157,-0.5772916165517278
2022-08-27,31.5,24.5,27.5,15.0,19.4,82,Chennai,1,27.9,8.2,80.0,28.442857142857147,46.5,239,-0.8263541987239094,-0.5631507242749187
2022-08-28,31.8,24.8,27.6,11.1,11.7,83,Chennai,1,27.5,15.0,82.0,28.2,56.5,240,-0.8359254794186365,-0.5488429582847199
2022-08-29,31.2,25.2,27.6,2.9,13.0,83,Chennai,1,27.6,11.1,83.0,28.0,54.5,241,-0.8452490573530634,-0.5343725582809785
2022-08-30,30.3,24.3,27.7,5.3,14.1,82,Chennai,1,27.6,2.9,83.0,27.82857142857143,57.9,242,-0.8543221697498269,-0.5197438121555157
2022-08-31,28.8,25.3,27.1,3.4,13.0,85,Chennai,1,27.7,5.3,82.0,27.657142857142855,48.39999999999999,243,-0.8631421280499115,-0.5049610547215202
2022-09-01,28.2,24.5,26.1,16.8,12.4,88,Chennai,1,27.1,3.4,85.0,27.357142857142858,62.69999999999999,244,-0.8717063187093217,-0.4900286664290594
2022-09-02,30.0,24.5,27.3,2.8,16.3,82,Chennai,1,26.1,16.8,88.0,27.271428571428572,57.3,245,-0.8800122039735356,-0.4749510720670502
2022-09-03,31.2,25.6,28.3,1.0,15.3,81,Chennai,0,27.3,2.8,82.0,27.385714285714283,43.3,246,-0.888057322629493,-0.4597327394521046
2022-09-04,31.4,25.8,28.5,4.5,13.8,81,Chennai,1,28.3,1.0,81.0,27.514285714285712,36.699999999999996,247,-0.8958392907349089,-0.4443781781046134
2022-09-05,31.7,25.3,28.3,0.1,17.7,80,Chennai,0,28.5,4.5,81.0,27.614285714285717,33.9,248,-0.9033558023246842,-0.4288919379124841
2022-09-06,31.2,25.2,28.0,6.3,14.0,82,Chennai,1,28.3,0.1,80.0,27.657142857142862,34.89999999999999,249,-0.9106046300942162,-0.41327860778290443
2022-09-07,31.1,25.8,27.4,11.4,11.9,86,Chennai,1,28.0,6.3,82.0,27.7,42.9,250,-0.9175836260593934,-0.3975428142825566
2022-09-08,29.1,25.0,26.8,5.5,13.9,86,Chennai,1,27.4,11.4,86.0,27.8,31.599999999999994,251,-0.9242907221930934,-0.3816892202666586
2022-09-09,32.0,25.3,28.1,15.2,14.3,80,Chennai,1,26.8,5.5,86.0,27.91428571428571,43.99999999999999,252,-0.9307239310379793,-0.3657225234972692
2022-09-10,31.4,25.1,28.5,2.1,16.9,77,Chennai,1,28.1,15.2,80.0,27.942857142857147,45.099999999999994,253,-0.9368813462954315,-0.34964745525122826
2022-09-11,32.3,26.8,29.3,0.0,23.8,70,Chennai,0,28.5,2.1,77.0,28.057142857142857,40.599999999999994,254,-0.9427611433904206,-0.33346877891818705
2022-09-12,32.7,26.0,28.9,0.0,24.7,74,Chennai,0,29.3,0.0,70.0,28.142857142857142,40.49999999999999,255,-0.9483615800121716,-0.31719128858910595
2022-09-13,33.0,26.2,28.9,0.2,20.8,76,Chennai,0,28.9,0.0,74.0,28.271428571428572,34.4,256,-0.9536809966304455,-0.300819807635668
2022-09-14,32.7,26.6,28.9,2.7,19.2,78,Chennai,1,28.9,0.2,76.0,28.485714285714284,25.7,257,-0.9587178169872964,-0.2843591872810036
2022-09-15,32.8,25.3,28.7,2.7,15.7,78,Chennai,1,28.9,2.7,78.0,28.75714285714286,22.899999999999995,258,-0.9634705485641486,-0.26781430516217486
2022-09-16,33.5,26.3,29.1,1.2,18.0,79,Chennai,1,28.7,2.7,78.0,28.9,8.899999999999997,259,-0.9679377830240642,-0.25119006388481957
2022-09-17,33.9,26.7,29.6,0.2,14.6,74,Chennai,0,29.1,1.2,79.0,29.057142857142857,6.999999999999997,260,-0.9721181966290612,-0.23449138957041052
2022-09-18,33.8,27.1,29.5,0.0,16.6,74,Chennai,0,29.6,0.2,74.0,29.085714285714285,6.9999999999999964,261,-0.9760105506323682,-0.21772323039653224
2022-09-19,34.0,26.6,29.5,0.7,14.6,71,Chennai,0,29.5,0.0,74.0,29.17142857142857,7.699999999999997,262,-0.9796136916454901,-0.20089055513063528
2022-09-20,34.8,26.8,29.8,0.0,17.4,66,Chennai,0,29.5,0.7,71.0,29.3,7.499999999999997,263,-0.9829265519799822,-0.18399835165767986
2022-09-21,34.8,25.8,29.5,0.0,19.3,66,Chennai,0,29.8,0.0,66.0,29.38571428571429,4.799999999999997,264,-0.9859481499638303,-0.1670516255021195
2022-09-22,35.5,27.1,30.2,0.0,19.0,66,Chennai,0,29.5,0.0,66.0,29.599999999999998,2.099999999999996,265,-0.9886775902323404,-0.15005539834465262
2022-09-23,34.3,26.4,29.8,0.4,18.3,69,Chennai,0,30.2,0.0,66.0,29.7,1.2999999999999963,266,-0.9911140639934546,-0.13301470653419636
2022-09-24,34.3,27.0,29.9,1.1,14.0,65,Chennai,1,29.8,0.4,69.0,29.742857142857144,2.1999999999999966,267,-0.9932568492674143,-0.11593459959550066
2022-09-25,34.1,26.3,29.4,1.4,14.0,72,Chennai,1,29.9,1.1,65.0,29.728571428571428,3.599999999999996,268,-0.9951053111006974,-0.09882013873287211
2022-09-26,33.5,26.3,28.6,3.5,14.9,77,Chennai,1,29.4,1.4,72.0,29.6,6.399999999999996,269,-0.99665890175417,-0.08167639533042288
2022-09-27,32.7,25.3,28.7,3.8,13.0,77,Chennai,1,28.6,3.5,77.0,29.442857142857143,10.199999999999996,270,-0.9979171608653922,-0.06450844944931625
2022-09-28,32.1,25.0,28.0,25.6,13.5,82,Chennai,1,28.7,3.8,77.0,29.228571428571428,35.8,271,-0.9988797155850335,-0.04732138832243232
2022-09-29,32.0,24.1,27.8,11.8,13.4,79,Chennai,1,28.0,25.6,82.0,28.88571428571429,47.599999999999994,272,-0.9995462806873573,-0.03012030484690836
2022-09-30,30.1,25.0,27.2,1.6,14.3,78,Chennai,1,27.8,11.8,79.0,28.514285714285712,48.8,273,-0.9999166586547379,-0.012910296075008843
2022-10-01,29.4,25.3,27.0,8.4,19.8,79,Chennai,1,27.2,1.6,78.0,28.099999999999998,56.099999999999994,274,-0.9999907397361901,0.004303538296243821
2022-10-02,32.1,26.5,29.0,0.0,17.5,66,Chennai,0,27.0,8.4,79.0,28.042857142857144,54.7,275,-0.9997685019798909,0.021516097436222233
2022-10-03,33.6,26.8,29.5,0.0,21.5,63,Chennai,0,29.0,0.0,66.0,28.17142857142857,51.2,276,-0.9992500112396835,0.03872228089217399
2022-10-04,33.9,26.1,29.5,0.0,17.1,68,Chennai,0,29.5,0.0,63.0,28.285714285714285,47.39999999999999,277,-0.9984354211555643,0.05591699010060302
2022-10-05,28.5,25.5,27.1,10.2,9.4,86,Chennai,1,29.5,0.0,68.0,28.157142857142855,31.999999999999996,278,-0.9973249731081555,0.07309512989807776
2022-10-06,30.7,24.1,26.5,20.0,16.1,86,Chennai,1,27.1,10.2,86.0,27.971428571428568,40.199999999999996,279,-0.9959189961471792,0.0902516100310407
2022-10-07,28.2,23.8,26.1,5.4,10.7,87,Chennai,1,26.5,20.0,86.0,27.814285714285713,43.99999999999999,280,-0.994217906893952,0.10738134666416306
2022-10-08,29.7,25.3,26.7,51.5,13.0,87,Chennai,1,26.1,5.4,87.0,27.771428571428572,87.1,281,-0.9922222094179324,0.12447926388678869
2022-10-09,28.5,24.1,26.1,20.9,11.9,87,Chennai,1,26.7,51.5,87.0,27.357142857142858,108.0,282,-0.989932495087353,0.141540295217043
2022-10-10,29.0,23.9,26.8,16.1,16.6,84,Chennai,1,26.1,20.9,87.0,26.97142857142857,124.1,283,-0.9873494423939864,0.15855938510313475
2022-10-11,29.4,24.8,27.2,1.8,17.6,82,Chennai,1,26.8,16.1,84.0,26.642857142857142,125.89999999999999,284,-0.9844738167520923,0.17553149042142777
2022-10-12,30.4,25.5,27.5,6.2,10.2,82,Chennai,1,27.2,1.8,82.0,26.7,121.89999999999999,285,-0.9813064702716093,0.19245158197082995
2022-10-13,30.0,24.2,27.4,2.9,10.8,81,Chennai,1,27.5,6.2,82.0,26.82857142857143,104.8,286,-0.9778483415056567,0.20931464596304888
2022-10-14,29.3,23.9,26.5,6.6,14.3,85,Chennai,1,27.4,2.9,81.0,26.885714285714283,106.0,287,-0.9741004551724206,0.22611568550828803
2022-10-15,29.7,23.9,26.9,9.9,12.8,83,Chennai,1,26.5,6.6,85.0,26.914285714285715,64.39999999999999,288,-0.970063921851507,0.2428497220959358
2022-10-16,29.6,24.2,27.3,6.8,13.9,83,Chennai,1,26.9,9.9,83.0,27.085714285714285,50.3,289,-0.965739937654855,0.25951179706979943
2022-10-17,29.3,24.0,27.0,3.6,11.7,84,Chennai,1,27.3,6.8,83.0,27.11428571428571,37.79999999999999,290,-0.9611297838723007,0.27609697309746883
2022-10-18,30.8,24.0,27.2,11.8,15.8,84,Chennai,1,27.0,3.6,84.0,27.114285714285717,47.8,291,-0.9562348265919058,0.2926003356333479
2022-10-19,30.6,23.4,27.1,2.7,15.0,82,Chennai,1,27.2,11.8,84.0,27.057142857142857,44.3,292,-0.9510565162951536,0.30901699437494723
2022-10-20,30.2,23.9,27.1,6.6,18.2,81,Chennai,1,27.1,2.7,82.0,27.014285714285712,47.99999999999999,293,-0.9455963874271428,0.3253420847119795
2022-10-21,29.4,23.6,26.7,12.3,15.6,82,Chennai,1,27.1,6.6,81.0,27.042857142857144,53.699999999999996,294,-0.9398560579418953,0.341570769167856
2022-10-22,29.9,22.9,26.2,12.2,27.3,85,Chennai,1,26.7,12.3,82.0,26.942857142857143,56.0,295,-0.9338372288229252,0.35769823883312546
2022-10-23,31.5,24.2,27.3,0.0,18.5,69,Chennai,0,26.2,12.2,85.0,26.942857142857147,49.19999999999999,296,-0.9275416835791965,0.3737197147904692
2022-10-24,31.5,21.7,26.3,0.0,12.8,62,Chennai,0,27.3,0.0,69.0,26.842857142857145,45.599999999999994,297,-0.9209712877166347,0.38963044953078774
2022-10-25,31.5,20.4,25.9,0.0,13.0,61,Chennai,0,26.3,0.0,62.0,26.657142857142855,33.8,298,-0.9141279881853337,0.4054257283599973
2022-10-26,30.3,21.8,26.2,0.0,11.2,67,Chennai,0,25.9,0.0,61.0,26.52857142857143,31.099999999999994,299,-0.9070138128026362,0.42110087079608916
2022-10-27,29.8,23.1,26.4,2.3,20.6,73,Chennai,1,26.2,0.0,67.0,26.428571428571427,26.799999999999994,300,-0.8996308696522434,0.4366512319560638
2022-10-28,28.5,23.1,26.2,5.7,21.0,80,Chennai,1,26.4,2.3,73.0,26.357142857142858,20.199999999999992,301,-0.8919813464595487,0.45207220393230374
2022-10-29,30.3,25.5,27.8,0.5,22.3,67,Chennai,0,26.2,5.7,80.0,26.585714285714285,8.499999999999993,302,-0.8840675099433637,0.46735921715800205
2022-10-30,30.3,26.0,28.0,0.1,24.9,67,Chennai,0,27.8,0.5,67.0,26.685714285714287,8.599999999999993,303,-0.8758917051442433,0.48250774176121763
2022-10-31,26.2,24.0,25.0,37.3,21.3,89,Chennai,1,28.0,0.1,67.0,26.5,45.89999999999999,304,-0.8674563547295971,0.4975132889071803
2022-11-01,25.7,23.3,24.4,80.2,18.4,94,Chennai,1,25.0,37.3,89.0,26.285714285714285,126.1,305,-0.858763958275803,0.5123714121284235
2022-11-02,25.3,23.0,24.0,23.9,15.2,93,Chennai,1,24.4,80.2,94.0,25.97142857142857,150.0,306,-0.8498170915275277,0.5270777086423724
2022-11-03,26.9,22.6,24.8,14.6,15.3,90,Chennai,1,24.0,23.9,93.0,25.74285714285714,162.29999999999998,307,-0.8406184056344783,0.5416278206559811
2022-11-04,28.1,23.3,26.2,5.8,15.3,83,Chennai,1,24.8,14.6,90.0,25.742857142857144,162.4,308,-0.8311706263658079,0.5560174366570446
2022-11-05,29.2,24.3,26.9,2.2,17.8,78,Chennai,1,26.2,5.8,83.0,25.614285714285717,164.1,309,-0.8214765533024145,0.5702422926917867
2022-11-06,29.6,24.8,27.2,0.2,21.9,74,Chennai,0,26.9,2.2,78.0,25.5,164.2,310,-0.8115390590073611,0.5842981736283683
2022-11-07,27.9,24.0,26.1,3.6,20.5,82,Chennai,1,27.2,0.2,74.0,25.657142857142855,130.5,311,-0.801361088174677,0.5981809144059158
2022-11-08,28.2,23.9,26.3,4.4,20.1,81,Chennai,1,26.1,3.6,82.0,25.928571428571427,54.7,312,-0.7909456567567774,0.6118864012687242
2022-11-09,29.3,24.5,26.5,1.9,22.8,79,Chennai,1,26.3,4.4,81.0,26.285714285714285,32.7,313,-0.780295851070776,0.6254105729852457
2022-11-10,29.2,23.5,26.4,4.5,26.3,78,Chennai,1,26.5,1.9,79.0,26.514285714285716,22.6,314,-0.7694148268839381,0.6387494220515268
2022-11-11,25.7,23.8,25.0,32.4,26.7,89,Chennai,1,26.4,4.5,78.0,26.342857142857138,49.2,315,-0.7583058084785625,0.6518989958787125
2022-11-12,26.2,23.8,25.4,20.4,22.8,89,Chennai,1,25.0,32.4,89.0,26.12857142857143,67.4,316,-0.7469720876965551,0.6648553979642866
2022-11-13,26.8,23.0,25.1,16.6,15.6,89,Chennai,1,25.4,20.4,89.0,25.82857142857143,83.8,317,-0.7354170229639858,0.6776147890466887
2022-11-14,27.0,23.3,25.4,4.0,16.3,86,Chennai,1,25.1,16.6,89.0,25.728571428571428,84.2,318,-0.7236440382959124,0.690173388242972
2022-11-15,29.0,22.6,25.9,0.5,18.1,81,Chennai,0,25.4,4.0,86.0,25.67142857142857,80.3,319,-0.711656622281775,0.7025274741691566
2022-11-16,28.8,22.6,25.7,0.0,16.1,74,Chennai,0,25.9,0.5,81.0,25.557142857142853,78.4,320,-0.6994583270516471,0.7146733860429608
2022-11-17,28.4,21.1,24.9,0.0,19.5,75,Chennai,0,25.7,0.0,74.0,25.342857142857145,73.9,321,-0.6870527672236675,0.7266075247685652
2022-11-18,28.6,21.2,25.1,0.0,23.5,74,Chennai,0,24.9,0.0,75.0,25.357142857142854,41.5,322,-0.6744436188329457,0.7383263540031063
2022-11-19,28.9,21.3,25.0,0.0,24.7,72,Chennai,0,25.1,0.0,74.0,25.3,21.1,323,-0.661634618242279,0.749826401204568
2022-11-20,26.9,21.2,23.8,0.6,23.2,70,Chennai,0,25.0,0.0,72.0,25.114285714285717,5.1,324,-0.6486295610349818,0.7611042586607742
2022-11-21,24.4,19.8,21.9,48.3,23.2,82,Chennai,1,23.8,0.6,70.0,24.614285714285717,49.4,325,-0.6354323008901775,0.7721565844991641
2022-11-22,24.1,21.4,22.8,67.6,22.1,91,Chennai,1,21.9,48.3,82.0,24.17142857142857,116.5,326,-0.622046748440868,0.7829801036770624
2022-11-23,28.2,22.6,25.2,9.4,15.5,88,Chennai,1,22.8,67.6,91.0,24.1,125.9,327,-0.6084768701151264,0.7935716089521472
2022-11-24,28.2,22.8,25.4,4.3,10.5,88,Chennai,1,25.2,9.4,88.0,24.17142857142857,130.2,328,-0.594726686960764,0.8039279618328208
2022-11-25,28.6,22.9,25.6,1.0,11.2,86,Chennai,0,25.4,4.3,88.0,24.242857142857144,131.2,329,-0.5808002734538013,0.8140460935082175
2022-11-26,28.3,23.3,25.6,0.9,13.9,87,Chennai,0,25.6,1.0,86.0,24.32857142857143,132.1,330,-0.5667017562911184,0.8239230057575536
2022-11-27,28.7,23.0,25.5,1.6,12.2,86,Chennai,1,25.6,0.9,87.0,24.571428571428573,133.1,331,-0.5524353131676203,0.8335557718385695
2022-11-28,28.3,22.7,25.6,1.2,13.1,80,Chennai,1,25.5,1.6,86.0,25.099999999999998,86.0,332,-0.5380051715382992,0.8429415373547832
2022-11-29,28.3,21.7,25.0,0.0,15.1,74,Chennai,0,25.6,1.2,80.0,25.414285714285715,18.4,333,-0.5234156073655503,0.8520775211013093
2022-11-30,28.3,21.3,25.0,0.5,14.0,79,Chennai,0,25.0,0.0,74.0,25.385714285714283,9.5,334,-0.5086709438521042,0.8609610158889945
2022-12-01,27.9,24.1,25.8,2.0,12.9,85,Chennai,1,25.0,0.5,79.0,25.442857142857147,7.2,335,-0.49377555015997737,0.8695893893466109
2022-12-02,29.0,23.7,26.3,2.0,15.0,84,Chennai,1,25.8,2.0,85.0,25.542857142857144,8.2,336,-0.4787338401157883,0.8779600847008883
2022-12-03,28.1,23.8,25.8,4.8,16.5,85,Chennai,1,26.3,2.0,84.0,25.571428571428573,12.1,337,-0.4635502709028512,0.8860706215341378
2022-12-04,29.0,24.2,26.4,2.5,20.1,82,Chennai,1,25.8,4.8,85.0,25.7,13.0,338,-0.4482293417404106,0.893918596519257
2022-12-05,29.0,24.8,26.7,0.2,19.9,78,Chennai,0,26.4,2.5,82.0,25.857142857142858,12.0,339,-0.4327755925504317,0.9015016841318838
2022-12-06,28.7,23.9,26.2,0.0,21.7,76,Chennai,0,26.7,0.2,78.0,26.028571428571432,12.0,340,-0.41719360261231697,0.9088176373395028
2022-12-07,27.7,23.3,25.2,0.0,26.5,78,Chennai,0,26.2,0.0,76.0,26.057142857142857,11.5,341,-0.4014879892059737,0.9158642882672868
2022-12-08,25.0,21.3,23.1,23.8,35.8,82,Chennai,1,25.2,0.0,78.0,25.67142857142857,33.3,342,-0.38566340624360745,0.9226395488404875
2022-12-09,25.2,20.4,23.3,114.0,53.1,91,Chennai,1,23.1,23.8,82.0,25.24285714285714,145.3,343,-0.3697245428906732,0.9291414114031743
2022-12-10,26.7,23.2,24.8,13.7,44.0,82,Chennai,1,23.3,114.0,91.0,25.099999999999998,154.2,344,-0.3536761221763721,0.935367949313148
2022-12-11,26.5,23.3,24.9,7.0,14.5,86,Chennai,1,24.8,13.7,82.0,24.885714285714283,158.7,345,-0.33752289959411347,0.941317317512847
2022-12-12,26.0,23.9,24.9,21.6,22.4,88,Chennai,1,24.9,7.0,86.0,24.62857142857143,180.1,346,-0.32126966169236515,0.9469877530760751
2022-12-13,28.5,23.4,25.9,1.1,15.5,84,Chennai,1,24.9,21.6,88.0,24.585714285714285,181.2,347,-0.3049212246562894,0.9523775757303973
2022-12-14,28.4,22.8,25.6,1.2,17.2,85,Chennai,1,25.9,1.1,84.0,24.642857142857142,182.4,348,-0.2884824328806098,0.9574851883550389
2022-12-15,27.6,22.3,24.6,0.0,10.5,83,Chennai,0,25.6,1.2,85.0,24.857142857142858,158.6,349,-0.27195815753410524,0.9623090774541487
2022-12-16,28.0,21.3,24.5,0.0,14.3,83,Chennai,0,24.6,0.0,83.0,25.02857142857143,44.6,350,-0.2553532951161881,0.9668478136052773
2022-12-17,28.3,22.6,25.5,0.0,15.5,82,Chennai,0,24.5,0.0,83.0,25.128571428571426,30.900000000000002,351,-0.23867276600594997,0.9711000518829505
2022-12-18,27.8,23.9,25.7,1.5,24.0,77,Chennai,1,25.5,0.0,82.0,25.242857142857144,25.400000000000002,352,-0.22192151300416674,0.9750645322571945
2022-12-19,28.4,23.5,25.9,0.1,21.4,69,Chennai,0,25.7,1.5,77.0,25.385714285714283,3.9,353,-0.20510449986861926,0.9787400799669153
2022-12-20,27.7,22.5,25.4,0.4,24.2,78,Chennai,0,25.9,0.1,69.0,25.314285714285713,3.2,354,-0.1882267098432439,0.9821256058680006
2022-12-21,28.2,23.4,25.4,0.7,23.6,78,Chennai,0,25.4,0.4,78.0,25.285714285714285,2.6999999999999997,355,-0.1712931441814778,0.9852201067560606
2022-12-22,27.9,23.4,25.6,0.0,24.0,73,Chennai,0,25.4,0.7,78.0,25.428571428571427,2.7,356,-0.154308820664281,0.9880226656636976
2022-12-23,27.9,22.7,25.2,0.4,26.8,76,Chennai,0,25.6,0.0,73.0,25.52857142857143,3.1,357,-0.13727877211326517,0.9905324521322227
2022-12-24,28.2,23.2,25.4,4.1,27.8,80,Chennai,1,25.2,0.4,76.0,25.514285714285712,7.199999999999999,358,-0.12020804489935275,0.9927487224577402
2022-12-25,27.0,24.1,25.1,13.1,19.0,89,Chennai,1,25.4,4.1,80.0,25.428571428571427,18.799999999999997,359,-0.10310169744743544,0.9946708199115211
2022-12-26,28.2,23.6,25.8,6.4,17.0,86,Chennai,1,25.1,13.1,89.0,25.414285714285715,25.099999999999998,360,-0.0859647987374467,0.9962981749346077
2022-12-27,27.5,24.1,25.8,1.4,13.0,86,Chennai,1,25.8,6.4,86.0,25.47142857142857,26.099999999999998,361,-0.06880242680232064,0.9976303053065857
2022-12-28,28.5,22.7,25.3,0.4,11.9,87,Chennai,0,25.8,1.4,86.0,25.457142857142856,25.8,362,-0.05161966722325418,0.9986668162884759
2022-12-29,28.6,22.4,25.1,0.3,10.7,87,Chennai,0,25.3,0.4,87.0,25.38571428571429,26.1,363,-0.034421611622745804,0.9994074007397048
2022-12-30,29.1,22.2,25.3,0.0,11.5,86,Chennai,0,25.1,0.3,87.0,25.4,25.7,364,-0.01721335615583528,0.9998518392091162
2022-12-31,28.7,22.3,24.9,0.0,10.0,85,Chennai,0,25.3,0.0,86.0,25.32857142857143,21.6,365,6.432490598706546e-16,1.0
2023-01-01,28.6,21.3,24.6,0.0,13.0,84,Chennai,0,24.9,0.0,85.0,25.257142857142856,8.5,1,0.017213356155834685,0.9998518392091162
2023-01-02,28.2,21.8,25.1,0.1,9.6,78,Chennai,0,24.6,0.0,84.0,25.157142857142862,2.1999999999999997,2,0.03442161162274574,0.9994074007397048
2023-01-03,27.8,22.0,25.0,0.3,17.7,76,Chennai,0,25.1,0.1,78.0,25.042857142857144,1.1,3,0.051619667223253764,0.998666816288476
2023-01-04,27.6,22.0,25.4,1.9,16.7,74,Chennai,1,25.0,0.3,76.0,25.057142857142857,2.6,4,0.06880242680231986,0.9976303053065857
2023-01-05,28.5,25.0,26.4,0.0,22.2,69,Chennai,0,25.4,1.9,74.0,25.24285714285714,2.3000000000000003,5,0.08596479873744647,0.9962981749346078
2023-01-06,28.1,24.4,26.0,0.0,24.5,71,Chennai,0,26.4,0.0,69.0,25.342857142857145,2.3000000000000003,6,0.10310169744743485,0.9946708199115211
2023-01-07,28.0,23.7,25.6,0.9,22.3,74,Chennai,0,26.0,0.0,71.0,25.442857142857143,3.2,7,0.1202080448993527,0.9927487224577402
2023-01-08,27.2,22.2,24.6,1.4,20.7,74,Chennai,1,25.6,0.9,74.0,25.442857142857147,4.6,8,0.13727877211326478,0.9905324521322229
2023-01-09,27.0,21.8,24.2,0.0,17.4,66,Chennai,0,24.6,1.4,74.0,25.314285714285713,4.5,9,0.15430882066428117,0.9880226656636976
2023-01-10,27.3,20.0,23.7,0.0,18.2,70,Chennai,0,24.2,0.0,66.0,25.128571428571426,4.199999999999999,10,0.1712931441814776,0.9852201067560606
2023-01-11,27.6,19.3,23.3,0.0,14.2,76,Chennai,0,23.7,0.0,70.0,24.82857142857143,2.3000000000000003,11,0.1882267098432442,0.9821256058680006
2023-01-12,27.6,19.9,23.1,0.0,13.2,78,Chennai,0,23.3,0.0,76.0,24.357142857142858,2.3,12,0.2051044998686192,0.9787400799669153
2023-01-13,28.0,18.8,23.7,0.0,10.7,73,Chennai,0,23.1,0.0,78.0,24.02857142857143,2.3,13,0.2219215130041655,0.9750645322571948
2023-01-14,27.6,19.1,23.5,0.0,12.7,75,Chennai,0,23.7,0.0,73.0,23.72857142857143,1.4,14,0.2386727660059501,0.9711000518829505
2023-01-15,27.3,18.6,23.1,0.0,11.2,74,Chennai,0,23.5,0.0,75.0,23.514285714285712,0.0,15,0.255353295116187,0.9668478136052775
2023-01-16,27.4,18.2,23.5,0.0,15.6,73,Chennai,0,23.1,0.0,74.0,23.414285714285715,0.0,16,0.2719581575341055,0.9623090774541486
2023-01-17,28.1,20.2,24.4,0.2,12.3,70,Chennai,0,23.5,0.0,73.0,23.514285714285716,0.2,17,0.288482432880609,0.9574851883550393
2023-01-18,28.4,20.0,24.3,0.0,15.4,67,Chennai,0,24.4,0.2,70.0,23.657142857142855,0.2,18,0.30492122465628907,0.9523775757303974
2023-01-19,28.4,19.5,24.5,0.0,14.9,65,Chennai,0,24.3,0.0,67.0,23.857142857142858,0.2,19,0.3212696616923644,0.9469877530760753
2023-01-20,27.4,22.0,25.1,3.2,18.0,74,Chennai,1,24.5,0.0,65.0,24.057142857142857,3.4000000000000004,20,0.3375228995941133,0.9413173175128471
2023-01-21,29.1,22.8,25.2,1.9,21.3,75,Chennai,1,25.1,3.2,74.0,24.3,5.300000000000001,21,0.3536761221763716,0.9353679493131483
2023-01-22,28.3,22.4,25.4,0.0,17.7,69,Chennai,0,25.2,1.9,75.0,24.628571428571426,5.300000000000001,22,0.3697245428906731,0.9291414114031743
2023-01-23,28.7,24.5,26.3,0.2,19.3,69,Chennai,0,25.4,0.0,69.0,25.02857142857143,5.5,23,0.38566340624360707,0.9226395488404876
2023-01-24,28.0,23.3,25.5,0.0,17.1,69,Chennai,0,26.3,0.2,69.0,25.185714285714287,5.3,24,0.401487989205973,0.9158642882672872
2023-01-25,28.0,22.3,25.4,0.4,16.0,67,Chennai,0,25.5,0.0,69.0,25.342857142857145,5.7,25,0.4171936026123168,0.9088176373395029
2023-01-26,29.3,21.5,25.4,0.0,18.4,67,Chennai,0,25.4,0.4,67.0,25.47142857142857,5.7,26,0.4327755925504312,0.901501684131884
2023-01-27,28.7,21.2,25.1,0.0,15.8,68,Chennai,0,25.4,0.0,67.0,25.47142857142857,2.5,27,0.4482293417404106,0.893918596519257
2023-01-28,28.9,21.1,24.9,0.2,18.2,74,Chennai,0,25.1,0.0,68.0,25.428571428571427,0.8,28,0.4635502709028509,0.886070621534138
2023-01-29,28.5,22.7,25.8,0.6,23.4,71,Chennai,0,24.9,0.2,74.0,25.485714285714288,1.4,29,0.47873384011578846,0.8779600847008882
2023-01-30,29.0,24.1,26.3,1.9,24.3,75,Chennai,1,25.8,0.6,71.0,25.485714285714288,3.0999999999999996,30,0.49377555015997715,0.869589389346611
2023-01-31,27.9,24.4,25.8,2.0,23.5,78,Chennai,1,26.3,1.9,75.0,25.52857142857143,5.1,31,0.5086709438521044,0.8609610158889943
2023-02-01,28.7,24.9,26.3,0.9,24.1,75,Chennai,0,25.8,2.0,78.0,25.657142857142855,5.6,32,0.5234156073655503,0.8520775211013093
2023-02-02,29.0,25.6,26.7,0.0,24.6,72,Chennai,0,26.3,0.9,75.0,25.842857142857138,5.6,33,0.5380051715382996,0.8429415373547828
2023-02-03,29.1,25.8,27.0,0.9,22.9,69,Chennai,0,26.7,0.0,72.0,26.114285714285717,6.499999999999999,34,0.5524353131676196,0.8335557718385699
2023-02-04,29.0,23.5,26.1,0.0,17.7,73,Chennai,0,27.0,0.9,69.0,26.285714285714285,6.299999999999999,35,0.5667017562911176,0.8239230057575542
2023-02-05,28.7,21.0,24.7,0.0,16.5,80,Chennai,0,26.1,0.0,73.0,26.12857142857143,5.699999999999999,36,0.5808002734538009,0.8140460935082178
2023-02-06,28.6,20.8,24.5,0.0,15.5,83,Chennai,0,24.7,0.0,80.0,25.87142857142857,3.8,37,0.5947266869607634,0.8039279618328213
2023-02-07,29.4,20.8,24.9,0.0,13.5,82,Chennai,0,24.5,0.0,83.0,25.742857142857144,1.7999999999999996,38,0.6084768701151261,0.7935716089521474
2023-02-08,29.1,22.1,25.2,0.0,12.0,81,Chennai,0,24.9,0.0,82.0,25.585714285714285,0.8999999999999996,39,0.6220467484408675,0.7829801036770629
2023-02-09,28.8,21.5,24.8,0.0,12.4,81,Chennai,0,25.2,0.0,81.0,25.314285714285713,0.8999999999999996,40,0.6354323008901774,0.7721565844991642
2023-02-10,31.3,20.4,25.2,0.0,15.2,77,Chennai,0,24.8,0.0,81.0,25.057142857142853,0.0,41,0.6486295610349814,0.7611042586607747
2023-02-11,30.0,21.2,24.7,0.0,12.8,78,Chennai,0,25.2,0.0,77.0,24.857142857142858,0.0,42,0.6616346182422783,0.7498264012045686
2023-02-12,30.2,19.7,24.5,0.0,14.4,77,Chennai,0,24.7,0.0,78.0,24.82857142857143,0.0,43,0.6744436188329455,0.7383263540031065
2023-02-13,29.4,20.0,24.3,0.0,13.3,78,Chennai,0,24.5,0.0,77.0,24.8,0.0,44,0.6870527672236669,0.7266075247685656
2023-02-14,29.2,19.6,24.4,0.0,16.3,80,Chennai,0,24.3,0.0,78.0,24.728571428571428,0.0,45,0.699458327051647,0.7146733860429609
2023-02-15,30.1,20.7,24.7,0.0,16.6,78,Chennai,0,24.4,0.0,80.0,24.657142857142855,0.0,46,0.7116566222817746,0.7025274741691571
2023-02-16,29.2,20.1,24.6,0.0,14.8,78,Chennai,0,24.7,0.0,78.0,24.62857142857143,0.0,47,0.7236440382959124,0.6901733882429719
2023-02-17,29.1,19.4,24.5,0.0,13.9,76,Chennai,0,24.6,0.0,78.0,24.528571428571432,0.0,48,0.7354170229639855,0.6776147890466889
2023-02-18,29.5,20.8,25.5,0.0,14.8,74,Chennai,0,24.5,0.0,76.0,24.642857142857142,0.0,49,0.7469720876965552,0.6648553979642865
2023-02-19,29.6,22.2,25.8,0.1,14.4,76,Chennai,0,25.5,0.0,74.0,24.828571428571426,0.09999999999999956,50,0.7583058084785624,0.6518989958787126
2023-02-20,30.8,20.4,25.3,0.0,14.4,72,Chennai,0,25.8,0.1,76.0,24.97142857142857,0.09999999999999956,51,0.7694148268839378,0.6387494220515272
2023-02-21,31.5,20.8,25.5,0.0,16.3,71,Chennai,0,25.3,0.0,72.0,25.12857142857143,0.09999999999999956,52,0.7802958510707755,0.6254105729852463
2023-02-22,31.0,21.0,25.9,0.0,14.2,69,Chennai,0,25.5,0.0,71.0,25.300000000000004,0.09999999999999956,53,0.7909456567567772,0.6118864012687243
2023-02-23,30.4,20.7,25.5,0.0,16.9,72,Chennai,0,25.9,0.0,69.0,25.428571428571427,0.09999999999999956,54,0.8013610881746766,0.5981809144059165
2023-02-24,30.1,20.7,25.2,0.0,13.0,71,Chennai,0,25.5,0.0,72.0,25.52857142857143,0.09999999999999956,55,0.8115390590073611,0.5842981736283684
2023-02-25,30.8,19.6,24.9,0.0,14.4,74,Chennai,0,25.2,0.0,71.0,25.442857142857143,0.09999999999999956,56,0.8214765533024142,0.5702422926917871
2023-02-26,29.5,19.9,24.5,0.0,14.1,77,Chennai,0,24.9,0.0,74.0,25.25714285714286,0.0,57,0.8311706263658079,0.5560174366570446
2023-02-27,31.7,20.7,25.7,0.0,16.7,70,Chennai,0,24.5,0.0,77.0,25.314285714285713,0.0,58,0.8406184056344782,0.5416278206559814
2023-02-28,30.2,23.1,26.7,0.2,17.8,75,Chennai,0,25.7,0.0,70.0,25.485714285714284,0.19999999999999957,59,0.8498170915275278,0.5270777086423722
2023-03-01,30.7,25.0,27.3,0.0,17.3,73,Chennai,0,26.7,0.2,75.0,25.685714285714283,0.19999999999999957,60,0.8587639582758029,0.5123714121284237
2023-03-02,30.6,21.7,26.4,0.0,14.0,65,Chennai,0,27.3,0.0,73.0,25.814285714285713,0.19999999999999957,61,0.8674563547295969,0.49751328890718066
2023-03-03,30.7,21.5,25.9,0.0,17.1,72,Chennai,0,26.4,0.0,65.0,25.914285714285715,0.19999999999999957,62,0.8758917051442429,0.48250774176121847
2023-03-04,31.2,21.3,26.2,0.0,15.9,74,Chennai,0,25.9,0.0,72.0,26.099999999999998,0.19999999999999957,63,0.8840675099433636,0.4673592171580022
2023-03-05,31.1,22.3,26.3,0.0,15.8,77,Chennai,0,26.2,0.0,74.0,26.357142857142858,0.19999999999999957,64,0.8919813464595485,0.45207220393230435
2023-03-06,31.0,22.3,26.1,0.0,14.8,75,Chennai,0,26.3,0.0,77.0,26.414285714285715,0.19999999999999957,65,0.8996308696522433,0.43665123195606403
2023-03-07,30.4,22.0,26.4,0.0,16.7,74,Chennai,0,26.1,0.0,75.0,26.37142857142857,0.0,66,0.9070138128026359,0.4211008707960896
2023-03-08,30.6,23.4,26.6,0.0,16.2,73,Chennai,0,26.4,0.0,74.0,26.271428571428572,0.0,67,0.9141279881853337,0.40542572835999735
2023-03-09,30.6,23.0,26.8,0.0,16.7,76,Chennai,0,26.6,0.0,73.0,26.32857142857143,0.0,68,0.9209712877166346,0.38963044953078796
2023-03-10,30.4,23.4,26.7,0.0,16.1,76,Chennai,0,26.8,0.0,76.0,26.442857142857143,0.0,69,0.9275416835791966,0.37371971479046906
2023-03-11,30.5,22.8,26.9,0.0,18.7,73,Chennai,0,26.7,0.0,76.0,26.542857142857144,0.0,70,0.9338372288229252,0.35769823883312546
2023-03-12,30.8,23.1,27.0,0.0,18.4,78,Chennai,0,26.9,0.0,73.0,26.642857142857142,0.0,71,0.9398560579418954,0.3415707691678556
2023-03-13,31.8,23.8,27.2,0.0,15.0,79,Chennai,0,27.0,0.0,78.0,26.8,0.0,72,0.9455963874271426,0.3253420847119801
2023-03-14,31.2,23.4,27.1,0.0,14.0,79,Chennai,0,27.2,0.0,79.0,26.9,0.0,73,0.9510565162951535,0.30901699437494745
2023-03-15,31.0,24.8,27.7,0.0,18.6,77,Chennai,0,27.1,0.0,79.0,27.057142857142857,0.0,74,0.9562348265919056,0.29260033563334836
2023-03-16,30.9,25.9,28.1,0.0,18.6,74,Chennai,0,27.7,0.0,77.0,27.242857142857144,0.0,75,0.9611297838723007,0.27609697309746883
2023-03-17,30.3,24.6,27.2,5.9,18.0,79,Chennai,1,28.1,0.0,74.0,27.314285714285713,5.9,76,0.9657399376548549,0.2595117970697999
2023-03-18,30.4,24.8,27.4,3.3,16.9,77,Chennai,1,27.2,5.9,79.0,27.385714285714283,9.2,77,0.9700639218515071,0.2428497220959356
2023-03-19,29.9,23.3,26.4,21.5,15.9,81,Chennai,1,27.4,3.3,77.0,27.3,30.7,78,0.9741004551724205,0.22611568550828828
2023-03-20,28.9,23.5,26.5,1.5,20.6,82,Chennai,1,26.4,21.5,81.0,27.2,32.2,79,0.9778483415056568,0.20931464596304847
2023-03-21,30.5,24.4,27.5,0.3,20.8,83,Chennai,0,26.5,1.5,82.0,27.25714285714286,32.5,80,0.9813064702716093,0.19245158197082998
2023-03-22,31.9,24.7,27.9,1.4,17.7,82,Chennai,1,27.5,0.3,83.0,27.285714285714285,33.9,81,0.9844738167520922,0.1755314904214282
2023-03-23,31.3,25.6,28.1,2.0,20.8,82,Chennai,1,27.9,1.4,82.0,27.285714285714285,35.9,82,0.9873494423939864,0.15855938510313475
2023-03-24,31.9,26.2,28.5,1.5,20.2,83,Chennai,1,28.1,2.0,82.0,27.47142857142857,31.5,83,0.989932495087353,0.141540295217043
2023-03-25,31.5,26.2,28.3,0.6,22.2,82,Chennai,0,28.5,1.5,83.0,27.599999999999998,28.8,84,0.9922222094179323,0.12447926388678915
2023-03-26,30.7,26.5,28.3,0.7,20.4,82,Chennai,0,28.3,0.6,82.0,27.87142857142857,8.0,85,0.994217906893952,0.10738134666416309
2023-03-27,33.0,25.4,28.6,0.2,20.6,80,Chennai,0,28.3,0.7,82.0,28.17142857142857,6.7,86,0.995918996147179,0.09025161003104117
2023-03-28,32.0,25.9,28.6,0.1,20.6,80,Chennai,0,28.6,0.2,80.0,28.32857142857143,6.5,87,0.9973249731081555,0.07309512989807777
2023-03-29,31.7,26.3,28.4,0.0,22.1,76,Chennai,0,28.6,0.1,80.0,28.400000000000002,5.1,88,0.9984354211555643,0.055916990100603484
2023-03-30,31.6,24.8,28.0,0.0,22.9,75,Chennai,0,28.4,0.0,76.0,28.385714285714283,3.1,89,0.9992500112396835,0.03872228089217446
2023-03-31,32.4,24.7,28.4,0.0,23.7,75,Chennai,0,28.0,0.0,75.0,28.37142857142857,1.6,90,0.9997685019798909,0.021516097436222254
2023-04-01,32.3,26.1,28.8,2.2,23.5,78,Chennai,1,28.4,0.0,75.0,28.442857142857147,3.2,91,0.9999907397361901,0.004303538296244289
2023-04-02,32.9,26.9,28.9,6.1,23.5,79,Chennai,1,28.8,2.2,78.0,28.52857142857143,8.6,92,0.9999166586547379,-0.01291029607500882
2023-04-03,31.3,27.2,28.8,0.8,23.0,79,Chennai,0,28.9,6.1,79.0,28.557142857142857,9.200000000000001,93,0.9995462806873573,-0.030120304846908114
2023-04-04,31.6,27.1,28.8,0.4,23.1,77,Chennai,0,28.8,0.8,79.0,28.58571428571429,9.499999999999998,94,0.9988797155850336,-0.04732138832243185
2023-04-05,32.7,26.5,29.0,0.1,24.7,78,Chennai,0,28.8,0.4,77.0,28.671428571428574,9.6,95,0.9979171608653922,-0.06450844944931623
2023-04-06,32.9,26.5,29.2,0.1,22.0,77,Chennai,0,29.0,0.1,78.0,28.842857142857145,9.7,96,0.9966589017541702,-0.08167639533042241
2023-04-07,32.0,25.5,28.6,0.0,16.6,77,Chennai,0,29.2,0.1,77.0,28.87142857142857,9.7,97,0.9951053111006976,-0.09882013873287143
2023-04-08,31.5,25.1,28.3,0.0,15.3,77,Chennai,0,28.6,0.0,77.0,28.8,7.5,98,0.9932568492674143,-0.11593459959550041
2023-04-09,32.4,25.3,28.8,0.0,15.0,72,Chennai,0,28.3,0.0,77.0,28.785714285714285,1.4000000000000001,99,0.9911140639934547,-0.1330147065341959
2023-04-10,32.3,25.5,28.7,0.0,14.5,75,Chennai,0,28.8,0.0,72.0,28.771428571428572,0.6000000000000001,100,0.9886775902323405,-0.1500553983446526
2023-04-11,33.1,25.0,28.4,0.0,12.9,77,Chennai,0,28.7,0.0,75.0,28.714285714285715,0.2,101,0.9859481499638304,-0.16705162550211924
2023-04-12,33.9,23.9,28.2,0.0,17.0,77,Chennai,0,28.4,0.0,77.0,28.599999999999998,0.1,102,0.9829265519799822,-0.18399835165768005
2023-04-13,34.2,24.5,28.7,0.0,19.1,78,Chennai,0,28.2,0.0,77.0,28.52857142857143,0.0,103,0.9796136916454901,-0.20089055513063506
2023-04-14,34.8,24.2,28.8,0.0,21.9,78,Chennai,0,28.7,0.0,78.0,28.557142857142857,0.0,104,0.9760105506323683,-0.21772323039653177
2023-04-15,35.3,23.9,29.1,0.0,19.6,77,Chennai,0,28.8,0.0,78.0,28.67142857142857,0.0,105,0.9721181966290613,-0.23449138957040985
2023-04-16,35.5,25.1,29.4,0.0,21.7,76,Chennai,0,29.1,0.0,77.0,28.757142857142856,0.0,106,0.9679377830240642,-0.25119006388481935
2023-04-17,34.4,24.4,29.0,0.0,20.1,77,Chennai,0,29.4,0.0,76.0,28.8,0.0,107,0.9634705485641488,-0.2678143051621742
2023-04-18,34.4,25.0,29.1,0.0,22.7,79,Chennai,0,29.0,0.0,77.0,28.9,0.0,108,0.9587178169872964,-0.2843591872810034
2023-04-19,34.7,25.3,29.5,0.0,25.9,80,Chennai,0,29.1,0.0,79.0,29.085714285714285,0.0,109,0.9536809966304457,-0.30081980763566735
2023-04-20,36.0,26.4,30.4,0.0,26.2,78,Chennai,0,29.5,0.0,80.0,29.32857142857143,0.0,110,0.9483615800121715,-0.3171912885891061
2023-04-21,35.9,27.6,30.7,0.0,27.4,76,Chennai,0,30.4,0.0,78.0,29.599999999999998,0.0,111,0.9427611433904207,-0.3334687789181868
2023-04-22,33.9,28.0,30.4,0.1,23.5,77,Chennai,0,30.7,0.0,76.0,29.785714285714285,0.1,112,0.9368813462954315,-0.3496474552512284
2023-04-23,33.5,27.9,30.4,6.3,25.1,77,Chennai,1,30.4,0.1,77.0,29.928571428571427,6.3999999999999995,113,0.9307239310379795,-0.36572252349726897
2023-04-24,32.6,28.2,30.1,0.9,22.1,75,Chennai,0,30.4,6.3,77.0,30.085714285714285,7.3,114,0.9242907221930933,-0.3816892202666588
2023-04-25,32.1,27.8,29.9,0.9,20.2,74,Chennai,0,30.1,0.9,75.0,30.2,8.2,115,0.9175836260593937,-0.39754281428255595
2023-04-26,32.8,27.2,29.9,0.1,15.0,71,Chennai,0,29.9,0.9,74.0,30.25714285714286,8.299999999999999,116,0.9106046300942162,-0.4132786077829042
2023-04-27,33.1,26.9,30.1,0.1,17.0,74,Chennai,0,29.9,0.1,71.0,30.214285714285715,8.4,117,0.9033558023246845,-0.4288919379124835
2023-04-28,32.9,27.8,30.2,1.4,18.2,73,Chennai,1,30.1,0.1,74.0,30.142857142857142,9.799999999999999,118,0.895839290734909,-0.4443781781046132
2023-04-29,31.5,27.8,29.0,4.5,24.9,77,Chennai,1,30.2,1.4,73.0,29.942857142857143,14.2,119,0.8880573226294932,-0.45973273945210397
2023-04-30,32.2,25.0,28.6,5.5,20.5,79,Chennai,1,29.0,4.5,77.0,29.685714285714287,13.399999999999999,120,0.8800122039735357,-0.47495107206704995
2023-05-01,31.0,24.9,27.8,25.5,16.0,83,Chennai,1,28.6,5.5,79.0,29.357142857142858,38.0,121,0.8717063187093218,-0.4900286664290592
2023-05-02,28.8,24.1,26.6,27.8,22.2,87,Chennai,1,27.8,25.5,83.0,28.885714285714283,64.9,122,0.8631421280499114,-0.5049610547215204
2023-05-03,29.0,25.1,26.7,9.1,12.0,88,Chennai,1,26.6,27.8,87.0,28.428571428571427,73.9,123,0.854322169749827,-0.5197438121555155
2023-05-04,31.0,25.3,28.4,0.7,14.2,82,Chennai,0,26.7,9.1,88.0,28.185714285714287,74.5,124,0.8452490573530633,-0.5343725582809786
2023-05-05,30.3,24.7,27.1,13.0,17.8,87,Chennai,1,28.4,0.7,82.0,27.742857142857144,86.10000000000001,125,0.8359254794186372,-0.548842958284719
2023-05-06,31.0,25.3,27.8,5.0,9.8,85,Chennai,1,27.1,13.0,87.0,27.571428571428573,86.6,126,0.8263541987239096,-0.5631507242749186
2023-05-07,32.0,25.8,28.8,0.2,11.8,81,Chennai,0,27.8,5.0,85.0,27.599999999999998,81.3,127,0.8165380514459161,-0.5772916165517272
2023-05-08,31.9,25.2,28.8,0.0,13.8,80,Chennai,0,28.8,0.2,81.0,27.742857142857144,55.8,128,0.8064799463209448,-0.5912614448635781
2023-05-09,32.9,25.6,29.4,0.1,13.5,81,Chennai,0,28.8,0.0,80.0,28.142857142857142,28.099999999999998,129,0.7961828637826158,-0.6050560696488488
2023-05-10,33.6,26.5,29.7,0.0,16.1,80,Chennai,0,29.4,0.1,81.0,28.571428571428573,19.0,130,0.7856498550787147,-0.6186714032625031
2023-05-11,34.4,26.7,29.6,0.0,14.8,81,Chennai,0,29.7,0.0,80.0,28.742857142857144,18.299999999999997,131,0.7748840413670407,-0.6321034111873487
2023-05-12,37.2,26.8,31.0,0.0,17.0,77,Chennai,0,29.6,0.0,81.0,29.3,5.3,132,0.7638886127905428,-0.6453481132295501
2023-05-13,39.9,28.7,33.3,0.0,20.6,52,Chennai,0,31.0,0.0,77.0,30.08571428571429,0.30000000000000004,133,0.7526668275320085,-0.6584015846980488
2023-05-14,40.3,29.6,32.8,0.0,21.3,60,Chennai,0,33.3,0.0,52.0,30.657142857142855,0.1,134,0.7412220108485958,-0.6712599575675313
2023-05-15,37.1,28.4,31.5,0.0,20.6,70,Chennai,0,32.8,0.0,60.0,31.04285714285714,0.1,135,0.7295575540864875,-0.6839194216246106
2023-05-16,38.2,28.6,31.9,0.0,20.2,73,Chennai,0,31.5,0.0,70.0,31.400000000000002,0.0,136,0.717676913675962,-0.6963762255968722
2023-05-17,34.1,28.5,31.0,0.0,26.1,79,Chennai,0,31.9,0.0,73.0,31.585714285714285,0.0,137,0.705583610107178,-0.7086266782644596
2023-05-18,35.9,27.7,30.5,0.7,23.5,79,Chennai,0,31.0,0.0,79.0,31.714285714285715,0.7,138,0.6932812268869777,-0.7206671495538609
2023-05-19,35.2,28.1,30.7,0.0,24.0,79,Chennai,0,30.5,0.7,79.0,31.67142857142857,0.7,139,0.6807734094770161,-0.7324940716135789
2023-05-20,33.8,28.0,30.6,0.0,21.6,79,Chennai,0,30.7,0.0,79.0,31.28571428571428,0.7,140,0.6680638642135335,-0.7441039398713607
2023-05-21,34.5,28.1,30.7,0.0,23.9,80,Chennai,0,30.6,0.0,79.0,30.985714285714288,0.7,141,0.6551563572090853,-0.7554933140726803
2023-05-22,34.2,27.2,30.0,9.8,21.9,80,Chennai,1,30.7,0.0,80.0,30.771428571428572,10.5,142,0.6420547132365637,-0.766658819300159
2023-05-23,35.3,27.9,30.7,0.0,21.7,74,Chennai,0,30.0,9.8,80.0,30.599999999999998,10.5,143,0.6287628145958344,-0.7775971469736269
2023-05-24,36.3,28.3,31.3,0.0,26.0,71,Chennai,0,30.7,0.0,74.0,30.642857142857142,10.5,144,0.6152845999633276,-0.7883050558305255
2023-05-25,38.5,29.0,32.7,0.9,21.9,60,Chennai,0,31.3,0.0,71.0,30.957142857142856,10.700000000000001,145,0.6016240632249226,-0.7987793728863649
2023-05-26,38.3,29.3,32.1,0.3,18.3,63,Chennai,0,32.7,0.9,60.0,31.157142857142862,11.0,146,0.5877852522924732,-0.8090169943749473
2023-05-27,37.7,28.2,31.9,0.0,14.9,65,Chennai,0,32.1,0.3,63.0,31.342857142857145,11.0,147,0.5737722679043246,-0.8190148866680801
2023-05-28,36.0,28.2,31.0,7.2,16.2,74,Chennai,1,31.9,0.0,65.0,31.385714285714283,18.200000000000003,148,0.5595892624101765,-0.8287700871745038
2023-05-29,34.6,27.9,31.1,0.0,20.2,76,Chennai,0,31.0,7.2,74.0,31.542857142857144,8.4,149,0.545240438540651,-0.8382797052177744
2023-05-30,35.1,27.2,30.3,0.3,21.0,77,Chennai,0,31.1,0.0,76.0,31.485714285714288,8.700000000000001,150,0.5307300481619334,-0.8475409228928311
2023-05-31,34.4,26.4,29.9,0.0,18.6,77,Chennai,0,30.3,0.3,77.0,31.285714285714285,8.700000000000001,151,0.5160623910158528,-0.8565509959010036
2023-06-01,36.7,28.5,31.9,0.0,22.5,67,Chennai,0,29.9,0.0,77.0,31.171428571428574,7.8,152,0.5012418134457758,-0.865307254363206
2023-06-02,38.7,29.3,32.4,0.0,16.6,62,Chennai,0,31.9,0.0,67.0,31.214285714285715,7.5,153,0.48627270710868997,-0.8738071036110808
2023-06-03,39.1,29.3,32.5,0.0,18.2,62,Chennai,0,32.4,0.0,62.0,31.300000000000004,7.5,154,0.4711595076738638,-0.8820480249558537
2023-06-04,37.9,29.2,32.4,0.6,22.1,59,Chennai,0,32.5,0.0,62.0,31.5,0.8999999999999999,155,0.4559066935084588,-0.8900275764346767
2023-06-05,37.9,28.7,32.1,0.2,19.4,60,Chennai,0,32.4,0.6,59.0,31.642857142857142,1.0999999999999999,156,0.440518784350495,-0.8977433935342337
2023-06-06,39.8,28.4,32.6,0.1,20.6,60,Chennai,0,32.1,0.2,60.0,31.97142857142857,0.8999999999999999,157,0.42500033996955416,-0.9051931898913974
2023-06-07,35.1,27.5,31.5,16.8,19.9,63,Chennai,1,32.6,0.1,60.0,32.2,17.7,158,0.4093559588156213,-0.9123747579707273
2023-06-08,37.1,30.2,32.2,0.0,20.4,58,Chennai,0,31.5,16.8,63.0,32.24285714285714,17.7,159,0.39359027665646673,-0.9192859697186104
2023-06-09,38.5,28.7,32.1,1.4,31.7,60,Chennai,1,32.2,0.0,58.0,32.2,19.099999999999998,160,0.3777079652039649,-0.9259247771938498
2023-06-10,38.7,28.6,32.0,0.8,22.0,63,Chennai,0,32.1,1.4,60.0,32.12857142857143,19.9,161,0.36171373072976765,-0.9322892131745133
2023-06-11,38.3,28.6,31.8,5.8,24.3,59,Chennai,1,32.0,0.8,63.0,32.042857142857144,25.099999999999998,162,0.3456123126707335,-0.9383773917408641
2023-06-12,38.8,28.4,32.5,0.3,20.1,57,Chennai,0,31.8,5.8,59.0,32.1,25.2,163,0.3294084822245304,-0.9441875088341993
2023-06-13,38.0,28.7,32.4,0.0,18.8,59,Chennai,0,32.5,0.3,57.0,32.07142857142857,25.1,164,0.3131070409358269,-0.9497178427914316
2023-06-14,39.4,29.6,33.1,0.0,19.1,54,Chennai,0,32.4,0.0,59.0,32.3,8.3,165,0.29671281927349075,-0.9549667548552551
2023-06-15,38.7,30.2,32.8,0.0,19.0,56,Chennai,0,33.1,0.0,54.0,32.385714285714286,8.3,166,0.28023067519921585,-0.9599326896597447
2023-06-16,39.6,29.6,33.7,1.2,19.5,54,Chennai,1,32.8,0.0,56.0,32.614285714285714,8.1,167,0.26366549272800704,-0.9646141756912435
2023-06-17,37.5,29.2,32.6,0.0,20.9,54,Chennai,0,33.7,1.2,54.0,32.7,7.3,168,0.24702218048093552,-0.9690098257244062
2023-06-18,34.3,27.0,29.9,3.0,22.8,72,Chennai,1,32.6,0.0,54.0,32.42857142857143,4.5,169,0.23030567023061221,-0.9731183372332619
2023-06-19,32.0,25.8,27.9,16.8,22.1,81,Chennai,1,29.9,3.0,72.0,31.771428571428572,21.0,170,0.21352091543979612,-0.9769384927771817
2023-06-20,34.3,25.7,29.8,2.1,28.2,72,Chennai,1,27.9,16.8,81.0,31.4,23.1,171,0.19667288979357647,-0.980469160361632
2023-06-21,33.0,26.2,29.4,1.2,17.7,78,Chennai,1,29.8,2.1,72.0,30.87142857142857,24.3,172,0.1797665857255624,-0.9837092937736097
2023-06-22,33.2,27.2,29.8,0.5,14.1,76,Chennai,0,29.4,1.2,78.0,30.442857142857147,24.8,173,0.16280701293851715,-0.986657932891657
2023-06-23,34.4,26.8,30.1,0.3,15.5,76,Chennai,0,29.8,0.5,76.0,29.928571428571427,23.900000000000002,174,0.1457991969198751,-0.9893142039703663
2023-06-24,34.0,27.7,30.5,0.2,14.8,69,Chennai,0,30.1,0.3,76.0,29.62857142857143,24.1,175,0.12874817745258132,-0.99167731989929
2023-06-25,34.1,28.3,30.5,0.0,19.2,68,Chennai,0,30.5,0.2,69.0,29.714285714285715,21.1,176,0.11165900712169512,-0.993746580436178
2023-06-26,34.9,27.9,30.4,0.9,18.2,69,Chennai,0,30.5,0.0,68.0,30.071428571428573,5.2,177,0.09453674981719912,-0.9955213724144752
2023-06-27,36.0,27.7,31.2,0.0,22.3,66,Chennai,0,30.4,0.9,69.0,30.271428571428572,3.1,178,0.07738647923346301,-0.9970011699250151
2023-06-28,35.7,27.7,30.8,2.8,20.4,65,Chennai,1,31.2,0.0,66.0,30.47142857142857,4.7,179,0.06021327736579302,-0.9981855344718586
2023-06-29,36.2,27.5,31.0,0.9,17.3,65,Chennai,0,30.8,2.8,65.0,30.642857142857142,5.1000000000000005,180,0.04302223300453059,-0.99907411510223
2023-06-30,36.3,26.8,31.2,0.0,17.8,62,Chennai,0,31.0,0.9,65.0,30.8,4.800000000000001,181,0.02581844022713308,-0.9996666485105112
2023-07-01,34.9,28.3,30.7,0.6,23.7,64,Chennai,0,31.2,0.0,62.0,30.82857142857143,5.2,182,0.008606996888688698,-0.9999629591162655
2023-07-02,33.5,26.5,29.0,3.9,15.5,77,Chennai,1,30.7,0.6,64.0,30.614285714285717,9.1,183,-0.008606996888688009,-0.9999629591162655
2023-07-03,33.2,25.4,28.4,17.7,21.4,79,Chennai,1,29.0,3.9,77.0,30.328571428571426,25.9,184,-0.02581844022713239,-0.9996666485105112
2023-07-04,32.2,26.2,28.2,13.2,17.6,79,Chennai,1,28.4,17.7,79.0,29.900000000000002,39.099999999999994,185,-0.04302223300453034,-0.99907411510223
2023-07-05,34.2,25.8,28.5,18.4,20.9,78,Chennai,1,28.2,13.2,79.0,29.571428571428573,54.7,186,-0.060213277365792774,-0.9981855344718586
2023-07-06,31.9,27.1,29.0,0.1,21.9,72,Chennai,0,28.5,18.4,78.0,29.285714285714285,53.89999999999999,187,-0.07738647923346322,-0.9970011699250151
2023-07-07,34.1,27.1,30.0,0.4,19.3,65,Chennai,0,29.0,0.1,72.0,29.114285714285717,54.3,188,-0.09453674981719933,-0.9955213724144752
2023-07-08,34.3,27.2,30.3,0.3,18.1,66,Chennai,0,30.0,0.4,65.0,29.057142857142857,54.0,189,-0.11165900712169444,-0.9937465804361781
2023-07-09,35.3,26.4,29.9,9.7,16.2,69,Chennai,1,30.3,0.3,66.0,29.185714285714283,59.8,190,-0.12874817745258066,-0.99167731989929
2023-07-10,31.3,25.1,27.8,22.4,17.3,84,Chennai,1,29.9,9.7,69.0,29.1,64.5,191,-0.14579919691987442,-0.9893142039703664
2023-07-11,31.8,25.7,28.4,10.8,17.6,80,Chennai,1,27.8,22.4,84.0,29.128571428571426,62.099999999999994,192,-0.16280701293851646,-0.9866579328916572
2023-07-12,32.5,24.5,27.6,16.2,15.1,83,Chennai,1,28.4,10.8,80.0,29.0,59.900000000000006,193,-0.17976658572556214,-0.9837092937736098
2023-07-13,32.7,26.1,28.9,0.6,14.3,78,Chennai,0,27.6,16.2,83.0,28.985714285714284,60.4,194,-0.19667288979357622,-0.9804691603616321
2023-07-14,33.9,26.9,30.0,0.3,17.0,70,Chennai,0,28.9,0.6,78.0,28.985714285714284,60.300000000000004,195,-0.2135209154397959,-0.9769384927771817
2023-07-15,35.2,27.3,31.0,0.0,18.2,63,Chennai,0,30.0,0.3,70.0,29.085714285714285,60.0,196,-0.23030567023061196,-0.973118337233262
2023-07-16,34.1,27.5,30.4,1.0,15.0,67,Chennai,0,31.0,0.0,63.0,29.157142857142855,51.3,197,-0.24702218048093527,-0.9690098257244063
2023-07-17,35.7,27.7,30.4,1.1,15.9,66,Chennai,1,30.4,1.0,67.0,29.52857142857143,30.0,198,-0.2636654927280072,-0.9646141756912435
2023-07-18,36.1,27.7,31.1,0.1,23.9,61,Chennai,0,30.4,1.1,66.0,29.914285714285715,19.3,199,-0.2802306751992161,-0.9599326896597445
2023-07-19,36.3,28.3,31.1,0.4,27.8,54,Chennai,0,31.1,0.1,61.0,30.41428571428571,3.5,200,-0.2967128192734901,-0.9549667548552553
2023-07-20,36.2,28.3,31.7,0.0,29.2,51,Chennai,0,31.1,0.4,54.0,30.814285714285717,2.9,201,-0.3131070409358267,-0.9497178427914317
2023-07-21,36.0,29.1,31.9,0.0,27.0,51,Chennai,0,31.7,0.0,51.0,31.08571428571429,2.6,202,-0.3294084822245302,-0.9441875088341994
2023-07-22,34.6,27.8,30.9,1.1,23.9,58,Chennai,1,31.9,0.0,51.0,31.071428571428573,3.7,203,-0.3456123126707333,-0.9383773917408642
2023-07-23,29.2,25.7,27.3,11.1,19.6,83,Chennai,1,30.9,1.1,58.0,30.62857142857143,13.8,204,-0.3617137307297674,-0.9322892131745134
2023-07-24,29.5,25.5,27.0,10.3,15.6,84,Chennai,1,27.3,11.1,83.0,30.142857142857142,23.0,205,-0.37770796520396466,-0.9259247771938499
2023-07-25,28.6,24.7,26.5,15.8,17.5,86,Chennai,1,27.0,10.3,84.0,29.485714285714288,38.7,206,-0.39359027665646645,-0.9192859697186105
2023-07-26,28.8,25.0,26.7,5.3,20.5,83,Chennai,1,26.5,15.8,86.0,28.857142857142858,43.6,207,-0.4093559588156211,-0.9123747579707274
2023-07-27,34.6,25.5,29.6,0.0,24.7,66,Chennai,0,26.7,5.3,83.0,28.557142857142853,43.6,208,-0.42500033996955394,-0.9051931898913975
2023-07-28,35.3,27.0,30.7,0.5,24.3,59,Chennai,0,29.6,0.0,66.0,28.38571428571429,44.1,209,-0.4405187843504952,-0.8977433935342336
2023-07-29,35.5,27.5,31.0,0.0,26.3,57,Chennai,0,30.7,0.5,59.0,28.400000000000002,43.0,210,-0.455906693508459,-0.8900275764346766
2023-07-30,35.5,28.2,31.0,0.0,22.7,60,Chennai,0,31.0,0.0,57.0,28.928571428571427,31.900000000000002,211,-0.47115950767386394,-0.8820480249558535
2023-07-31,34.8,27.8,30.4,0.7,18.4,65,Chennai,0,31.0,0.0,60.0,29.414285714285715,22.3,212,-0.4862727071086902,-0.8738071036110807
2023-08-01,35.2,27.4,30.8,1.3,22.4,61,Chennai,1,30.4,0.7,65.0,30.02857142857143,7.8,213,-0.5012418134457756,-0.8653072543632061
2023-08-02,36.0,28.4,31.7,0.0,22.8,50,Chennai,0,30.8,1.3,61.0,30.742857142857144,2.5,214,-0.5160623910158526,-0.8565509959010037
2023-08-03,37.0,28.5,31.5,0.7,20.9,56,Chennai,0,31.7,0.0,50.0,31.014285714285716,3.2,215,-0.5307300481619331,-0.8475409228928312
2023-08-04,36.8,27.6,30.8,0.9,19.5,63,Chennai,0,31.5,0.7,56.0,31.02857142857143,3.6,216,-0.5452404385406507,-0.8382797052177745
2023-08-05,36.4,28.3,31.2,0.6,18.7,62,Chennai,0,30.8,0.9,63.0,31.057142857142857,4.2,217,-0.5595892624101763,-0.828770087174504
2023-08-06,36.0,24.3,30.3,15.4,18.1,70,Chennai,1,31.2,0.6,62.0,30.957142857142856,19.6,218,-0.5737722679043243,-0.8190148866680802
2023-08-07,35.6,26.2,30.1,0.8,18.7,72,Chennai,0,30.3,15.4,70.0,30.91428571428571,19.7,219,-0.5877852522924734,-0.8090169943749472
2023-08-08,35.1,24.4,30.0,1.7,18.7,72,Chennai,1,30.1,0.8,72.0,30.800000000000004,20.1,220,-0.6016240632249227,-0.7987793728863648
2023-08-09,34.4,26.7,30.0,1.9,15.0,71,Chennai,1,30.0,1.7,72.0,30.557142857142853,22.0,221,-0.6152845999633277,-0.7883050558305253
2023-08-10,35.0,25.3,29.7,0.7,14.6,73,Chennai,0,30.0,1.9,71.0,30.3,22.0,222,-0.6287628145958345,-0.7775971469736268
2023-08-11,33.9,26.6,29.0,2.3,17.0,75,Chennai,1,29.7,0.7,73.0,30.042857142857144,23.4,223,-0.6420547132365636,-0.7666588193001592
2023-08-12,35.3,25.2,28.9,18.3,17.7,79,Chennai,1,29.0,2.3,75.0,29.714285714285715,41.1,224,-0.655156357209085,-0.7554933140726804
2023-08-13,34.5,25.2,29.2,8.1,14.8,78,Chennai,1,28.9,18.3,79.0,29.557142857142857,33.800000000000004,225,-0.6680638642135333,-0.7441039398713608
2023-08-14,33.5,25.8,28.4,11.4,18.8,81,Chennai,1,29.2,8.1,78.0,29.314285714285717,44.4,226,-0.6807734094770159,-0.7324940716135792
2023-08-15,33.5,25.4,29.1,2.7,17.3,80,Chennai,1,28.4,11.4,81.0,29.185714285714283,45.400000000000006,227,-0.6932812268869771,-0.7206671495538615
2023-08-16,34.3,26.5,29.7,0.5,17.2,75,Chennai,0,29.1,2.7,80.0,29.142857142857142,44.00000000000001,228,-0.7055836101071774,-0.70862667826446
2023-08-17,35.4,24.9,29.6,8.5,21.3,72,Chennai,1,29.7,0.5,75.0,29.12857142857143,51.8,229,-0.7176769136759615,-0.6963762255968726
2023-08-18,35.4,24.4,29.2,0.8,22.6,73,Chennai,0,29.6,8.5,72.0,29.157142857142855,50.300000000000004,230,-0.7295575540864876,-0.6839194216246105
2023-08-19,35.6,27.1,30.0,0.5,16.5,66,Chennai,0,29.2,0.8,73.0,29.314285714285713,32.5,231,-0.7412220108485957,-0.6712599575675315
2023-08-20,34.1,26.6,29.6,0.7,17.6,70,Chennai,0,30.0,0.5,66.0,29.37142857142857,25.099999999999998,232,-0.7526668275320083,-0.6584015846980489
2023-08-21,34.3,27.5,30.1,1.8,13.4,74,Chennai,1,29.6,0.7,70.0,29.614285714285717,15.5,233,-0.7638886127905429,-0.64534811322955
2023-08-22,32.9,25.5,29.4,8.8,16.9,80,Chennai,1,30.1,1.8,74.0,29.657142857142855,21.6,234,-0.7748840413670406,-0.6321034111873488
2023-08-23,33.5,26.2,29.2,5.6,17.9,82,Chennai,1,29.4,8.8,80.0,29.58571428571429,26.700000000000003,235,-0.7856498550787144,-0.6186714032625032
2023-08-24,33.7,26.5,29.5,1.2,19.2,82,Chennai,1,29.2,5.6,82.0,29.571428571428573,19.400000000000002,236,-0.7961828637826154,-0.6050560696488494
2023-08-25,35.1,26.9,30.0,0.1,20.1,75,Chennai,0,29.5,1.2,82.0,29.685714285714287,18.7,237,-0.8064799463209447,-0.5912614448635782
2023-08-26,34.3,27.4,29.8,7.2,20.2,75,Chennai,1,30.0,0.1,75.0,29.657142857142855,25.4,238,-0.8165380514459157,-0.5772916165517278
2023-08-27,33.0,25.7,29.1,12.4,16.7,80,Chennai,1,29.8,7.2,75.0,29.58571428571429,37.1,239,-0.8263541987239094,-0.5631507242749187
2023-08-28,34.9,26.7,30.1,18.7,18.9,72,Chennai,1,29.1,12.4,80.0,29.585714285714285,54.0,240,-0.8359254794186365,-0.5488429582847199
2023-08-29,34.2,25.5,29.2,8.6,17.0,77,Chennai,1,30.1,18.7,72.0,29.557142857142857,53.8,241,-0.8452490573530634,-0.5343725582809785
2023-08-30,34.3,25.1,29.1,8.3,21.0,75,Chennai,1,29.2,8.6,77.0,29.54285714285714,56.5,242,-0.8543221697498269,-0.5197438121555157
2023-08-31,34.7,24.7,29.2,3.6,16.9,76,Chennai,1,29.1,8.3,75.0,29.5,58.900000000000006,243,-0.8631421280499115,-0.5049610547215202
2023-09-01,33.4,25.5,29.1,3.5,21.4,79,Chennai,1,29.2,3.6,76.0,29.37142857142857,62.300000000000004,244,-0.8717063187093217,-0.4900286664290594
2023-09-02,34.1,26.8,30.0,2.3,18.0,76,Chennai,1,29.1,3.5,79.0,29.400000000000002,57.4,245,-0.8800122039735356,-0.4749510720670502
2023-09-03,34.0,25.9,28.8,1.5,17.7,75,Chennai,1,30.0,2.3,76.0,29.357142857142858,46.5,246,-0.888057322629493,-0.4597327394521046
2023-09-04,32.2,25.4,28.7,5.5,24.6,72,Chennai,1,28.8,1.5,75.0,29.157142857142855,33.3,247,-0.8958392907349089,-0.4443781781046134
2023-09-05,32.3,25.7,27.9,0.1,26.5,71,Chennai,0,28.7,5.5,72.0,28.97142857142857,24.8,248,-0.9033558023246842,-0.4288919379124841
2023-09-06,33.0,26.0,29.1,6.4,19.3,71,Chennai,1,27.9,0.1,71.0,28.97142857142857,22.9,249,-0.9106046300942162,-0.41327860778290443
2023-09-07,33.7,26.0,29.0,18.7,18.0,74,Chennai,1,29.1,6.4,71.0,28.942857142857143,38.0,250,-0.9175836260593934,-0.3975428142825566
2023-09-08,33.8,25.9,29.4,2.3,23.5,75,Chennai,1,29.0,18.7,74.0,28.985714285714288,36.8,251,-0.9242907221930934,-0.3816892202666586
2023-09-09,34.2,26.4,29.9,0.4,18.6,71,Chennai,0,29.4,2.3,75.0,28.97142857142857,34.900000000000006,252,-0.9307239310379793,-0.3657225234972692
2023-09-10,34.1,27.3,30.1,0.0,15.2,67,Chennai,0,29.9,0.4,71.0,29.157142857142855,33.400000000000006,253,-0.9368813462954315,-0.34964745525122826
2023-09-11,34.9,27.2,30.0,0.0,19.1,69,Chennai,0,30.1,0.0,67.0,29.342857142857145,27.9,254,-0.9427611433904206,-0.33346877891818705
2023-09-12,35.3,26.8,29.5,5.6,18.9,68,Chennai,1,30.0,0.0,69.0,29.571428571428573,33.4,255,-0.9483615800121716,-0.31719128858910595
2023-09-13,35.2,26.5,30.1,0.6,20.9,68,Chennai,0,29.5,5.6,68.0,29.714285714285715,27.599999999999998,256,-0.9536809966304455,-0.300819807635668
2023-09-14,36.1,26.0,29.8,2.5,23.0,68,Chennai,1,30.1,0.6,68.0,29.82857142857143,11.4,257,-0.9587178169872964,-0.2843591872810036
2023-09-15,34.8,25.7,29.3,0.9,19.1,74,Chennai,0,29.8,2.5,68.0,29.814285714285713,10.000000000000002,258,-0.9634705485641486,-0.26781430516217486
2023-09-16,33.9,26.0,28.8,16.7,23.2,79,Chennai,1,29.3,0.9,74.0,29.657142857142862,26.3,259,-0.9679377830240642,-0.25119006388481957
2023-09-17,32.6,25.6,27.7,4.9,21.6,84,Chennai,1,28.8,16.7,79.0,29.314285714285713,31.200000000000003,260,-0.9721181966290612,-0.23449138957041052
2023-09-18,33.1,25.0,27.9,4.2,18.4,84,Chennai,1,27.7,4.9,84.0,29.014285714285712,35.4,261,-0.9760105506323682,-0.21772323039653224
2023-09-19,33.7,25.2,28.9,0.3,15.7,76,Chennai,0,27.9,4.2,84.0,28.928571428571427,30.1,262,-0.9796136916454901,-0.20089055513063528
2023-09-20,34.0,26.0,29.2,0.2,15.1,75,Chennai,0,28.9,0.3,76.0,28.8,29.700000000000003,263,-0.9829265519799822,-0.18399835165767986
2023-09-21,32.0,25.6,28.5,5.1,16.1,83,Chennai,1,29.2,0.2,75.0,28.61428571428571,32.300000000000004,264,-0.9859481499638303,-0.1670516255021195
2023-09-22,32.8,25.5,28.9,2.6,17.3,81,Chennai,1,28.5,5.1,83.0,28.557142857142857,34.0,265,-0.9886775902323404,-0.15005539834465262
2023-09-23,32.1,25.4,28.8,17.3,18.5,82,Chennai,1,28.9,2.6,81.0,28.557142857142853,34.6,266,-0.9911140639934546,-0.13301470653419636
2023-09-24,33.8,24.6,28.2,18.6,17.1,83,Chennai,1,28.8,17.3,82.0,28.62857142857143,48.300000000000004,267,-0.9932568492674143,-0.11593459959550066
2023-09-25,33.2,25.0,28.6,9.2,14.2,82,Chennai,1,28.2,18.6,83.0,28.728571428571428,53.3,268,-0.9951053111006974,-0.09882013873287211
2023-09-26,32.8,24.8,27.8,21.7,18.4,83,Chennai,1,28.6,9.2,82.0,28.571428571428573,74.7,269,-0.99665890175417,-0.08167639533042288
2023-09-27,33.1,25.0,28.0,5.3,13.0,83,Chennai,1,27.8,21.7,83.0,28.400000000000002,79.8,270,-0.9979171608653922,-0.06450844944931625
2023-09-28,33.7,25.7,28.8,8.2,16.7,78,Chennai,1,28.0,5.3,83.0,28.442857142857143,82.9,271,-0.9988797155850335,-0.04732138832243232
2023-09-29,33.0,26.3,28.5,9.8,18.5,80,Chennai,1,28.8,8.2,78.0,28.385714285714283,90.1,272,-0.9995462806873573,-0.03012030484690836
2023-09-30,32.4,25.7,28.7,2.7,18.6,80,Chennai,1,28.5,9.8,80.0,28.37142857142857,75.5,273,-0.9999166586547379,-0.012910296075008843
2023-10-01,32.7,26.2,29.1,2.7,17.8,75,Chennai,1,28.7,2.7,80.0,28.5,59.6,274,-0.9999907397361901,0.004303538296243821
2023-10-02,33.4,26.5,29.6,0.3,21.2,73,Chennai,0,29.1,2.7,75.0,28.642857142857142,50.7,275,-0.9997685019798909,0.021516097436222233
2023-10-03,34.5,26.7,29.9,0.1,18.8,71,Chennai,0,29.6,0.3,73.0,28.942857142857143,29.1,276,-0.9992500112396835,0.03872228089217399
2023-10-04,33.9,26.3,29.1,10.0,14.2,78,Chennai,1,29.9,0.1,71.0,29.099999999999998,33.8,277,-0.9984354211555643,0.05591699010060302
2023-10-05,34.4,25.2,28.7,5.5,18.1,78,Chennai,1,29.1,10.0,78.0,29.08571428571429,31.1,278,-0.9973249731081555,0.07309512989807776
2023-10-06,34.2,26.1,28.9,3.1,17.8,77,Chennai,1,28.7,5.5,78.0,29.142857142857142,24.400000000000002,279,-0.9959189961471792,0.0902516100310407
2023-10-07,33.1,26.0,29.1,2.6,15.5,85,Chennai,1,28.9,3.1,77.0,29.2,24.3,280,-0.994217906893952,0.10738134666416306
2023-10-08,32.7,25.9,29.0,0.0,16.4,84,Chennai,0,29.1,2.6,85.0,29.185714285714287,21.6,281,-0.9922222094179324,0.12447926388678869
2023-10-09,32.4,26.2,28.9,1.4,16.3,84,Chennai,1,29.0,0.0,84.0,29.085714285714285,22.700000000000003,282,-0.989932495087353,0.141540295217043
2023-10-10,32.3,25.3,28.5,0.6,13.5,85,Chennai,0,28.9,1.4,84.0,28.885714285714283,23.2,283,-0.9873494423939864,0.15855938510313475
2023-10-11,32.0,23.9,28.2,0.2,11.8,85,Chennai,0,28.5,0.6,85.0,28.75714285714286,13.4,284,-0.9844738167520923,0.17553149042142777
2023-10-12,31.2,25.4,28.3,0.4,11.6,85,Chennai,0,28.2,0.2,85.0,28.699999999999996,8.3,285,-0.9813064702716093,0.19245158197082995
2023-10-13,30.2,24.7,27.6,1.8,10.5,85,Chennai,1,28.3,0.4,85.0,28.514285714285716,7.0,286,-0.9778483415056567,0.20931464596304888
2023-10-14,29.2,23.8,26.7,22.5,11.0,87,Chennai,1,27.6,1.8,85.0,28.17142857142857,26.9,287,-0.9741004551724206,0.22611568550828803
2023-10-15,29.1,24.9,27.2,2.6,9.8,85,Chennai,1,26.7,22.5,87.0,27.91428571428571,29.5,288,-0.970063921851507,0.2428497220959358
2023-10-16,29.6,24.9,27.1,12.6,10.9,86,Chennai,1,27.2,2.6,85.0,27.657142857142862,40.7,289,-0.965739937654855,0.25951179706979943
2023-10-17,31.5,25.0,28.2,0.2,15.5,79,Chennai,0,27.1,12.6,86.0,27.614285714285717,40.3,290,-0.9611297838723007,0.27609697309746883
2023-10-18,31.2,25.0,28.4,0.1,15.6,73,Chennai,0,28.2,0.2,79.0,27.642857142857142,40.199999999999996,291,-0.9562348265919058,0.2926003356333479
2023-10-19,31.9,24.7,28.1,0.1,18.8,76,Chennai,0,28.4,0.1,73.0,27.614285714285717,39.9,292,-0.9510565162951536,0.30901699437494723
2023-10-20,31.6,24.6,28.1,0.2,14.8,76,Chennai,0,28.1,0.1,76.0,27.685714285714283,38.3,293,-0.9455963874271428,0.3253420847119795
2023-10-21,31.3,24.3,27.4,4.8,21.5,82,Chennai,1,28.1,0.2,76.0,27.785714285714285,20.599999999999998,294,-0.9398560579418953,0.341570769167856
2023-10-22,31.7,25.0,28.1,2.4,18.6,77,Chennai,1,27.4,4.8,82.0,27.914285714285715,20.4,295,-0.9338372288229252,0.35769823883312546
2023-10-23,33.7,24.0,27.8,0.3,18.6,70,Chennai,0,28.1,2.4,77.0,28.014285714285712,8.1,296,-0.9275416835791965,0.3737197147904692
2023-10-24,33.3,23.2,27.8,0.1,17.9,68,Chennai,0,27.8,0.3,70.0,27.957142857142856,7.999999999999999,297,-0.9209712877166347,0.38963044953078774
2023-10-25,33.9,23.7,28.0,0.4,15.6,74,Chennai,0,27.8,0.1,68.0,27.900000000000002,8.299999999999999,298,-0.9141279881853337,0.4054257283599973
2023-10-26,30.6,23.9,27.6,1.4,18.2,79,Chennai,1,28.0,0.4,74.0,27.82857142857143,9.6,299,-0.9070138128026362,0.42110087079608916
2023-10-27,30.7,24.6,27.7,1.9,16.3,80,Chennai,1,27.6,1.4,79.0,27.771428571428572,11.299999999999999,300,-0.8996308696522434,0.4366512319560638
2023-10-28,30.2,24.5,27.4,4.8,14.9,80,Chennai,1,27.7,1.9,80.0,27.771428571428572,11.3,301,-0.8919813464595487,0.45207220393230374
2023-10-29,29.8,24.4,27.6,5.7,18.0,78,Chennai,1,27.4,4.8,80.0,27.7,14.6,302,-0.8840675099433637,0.46735921715800205
2023-10-30,30.0,24.3,26.7,8.9,16.4,84,Chennai,1,27.6,5.7,78.0,27.542857142857144,23.200000000000003,303,-0.8758917051442433,0.48250774176121763
2023-10-31,31.0,25.1,27.9,1.5,20.7,76,Chennai,1,26.7,8.9,84.0,27.557142857142853,24.6,304,-0.8674563547295971,0.4975132889071803
2023-11-01,30.4,25.2,27.4,13.4,21.8,81,Chennai,1,27.9,1.5,76.0,27.471428571428568,37.6,305,-0.858763958275803,0.5123714121284235
2023-11-02,29.2,24.2,26.6,10.7,15.8,86,Chennai,1,27.4,13.4,81.0,27.328571428571426,46.900000000000006,306,-0.8498170915275277,0.5270777086423724
2023-11-03,29.1,24.3,26.3,14.2,16.5,87,Chennai,1,26.6,10.7,86.0,27.12857142857143,59.2,307,-0.8406184056344783,0.5416278206559811
2023-11-04,27.7,24.7,25.7,34.6,14.5,89,Chennai,1,26.3,14.2,87.0,26.885714285714283,89.0,308,-0.8311706263658079,0.5560174366570446
2023-11-05,28.8,23.9,25.7,22.2,11.1,91,Chennai,1,25.7,34.6,89.0,26.614285714285717,105.5,309,-0.8214765533024145,0.5702422926917867
2023-11-06,29.1,23.8,26.1,14.9,15.5,89,Chennai,1,25.7,22.2,91.0,26.528571428571432,111.5,310,-0.8115390590073611,0.5842981736283683
2023-11-07,28.9,24.2,26.2,13.8,16.6,88,Chennai,1,26.1,14.9,89.0,26.285714285714285,123.80000000000001,311,-0.801361088174677,0.5981809144059158
2023-11-08,28.8,24.3,26.0,13.5,17.2,89,Chennai,1,26.2,13.8,88.0,26.085714285714285,123.9,312,-0.7909456567567774,0.6118864012687242
2023-11-09,28.6,23.5,25.7,12.8,15.7,89,Chennai,1,26.0,13.5,89.0,25.95714285714286,126.0,313,-0.780295851070776,0.6254105729852457
2023-11-10,30.0,23.3,27.3,1.6,18.8,80,Chennai,1,25.7,12.8,89.0,26.099999999999998,113.4,314,-0.7694148268839381,0.6387494220515268
2023-11-11,30.0,25.3,27.7,0.0,21.9,71,Chennai,0,27.3,1.6,80.0,26.38571428571429,78.8,315,-0.7583058084785625,0.6518989958787125
2023-11-12,29.9,25.3,27.7,0.0,21.7,69,Chennai,0,27.7,0.0,71.0,26.67142857142857,56.6,316,-0.7469720876965551,0.6648553979642866
2023-11-13,29.9,24.9,27.3,3.8,23.7,75,Chennai,1,27.7,0.0,69.0,26.842857142857145,45.5,317,-0.7354170229639858,0.6776147890466887
2023-11-14,27.7,22.6,25.5,51.8,24.3,87,Chennai,1,27.3,3.8,75.0,26.742857142857144,83.5,318,-0.7236440382959124,0.690173388242972
2023-11-15,25.1,23.4,24.2,35.4,22.6,90,Chennai,1,25.5,51.8,87.0,26.485714285714288,105.4,319,-0.711656622281775,0.7025274741691566
2023-11-16,29.4,23.2,26.5,1.0,19.3,83,Chennai,0,24.2,35.4,90.0,26.599999999999998,93.6,320,-0.6994583270516471,0.7146733860429608
2023-11-17,29.5,24.3,27.4,2.2,21.2,82,Chennai,1,26.5,1.0,83.0,26.614285714285717,94.19999999999999,321,-0.6870527672236675,0.7266075247685652
2023-11-18,29.7,25.4,27.5,1.1,21.0,81,Chennai,1,27.4,2.2,82.0,26.585714285714285,95.3,322,-0.6744436188329457,0.7383263540031063
2023-11-19,29.7,25.3,27.3,0.2,19.7,79,Chennai,0,27.5,1.1,81.0,26.52857142857143,95.5,323,-0.661634618242279,0.749826401204568
2023-11-20,27.2,24.8,25.6,16.9,21.2,89,Chennai,1,27.3,0.2,79.0,26.285714285714285,108.6,324,-0.6486295610349818,0.7611042586607742
2023-11-21,27.5,24.2,25.5,25.3,14.8,92,Chennai,1,25.6,16.9,89.0,26.285714285714285,82.1,325,-0.6354323008901775,0.7721565844991641
2023-11-22,28.2,23.8,26.0,4.3,11.6,89,Chennai,1,25.5,25.3,92.0,26.542857142857144,51.0,326,-0.622046748440868,0.7829801036770624
2023-11-23,26.6,24.7,25.7,10.8,12.1,87,Chennai,1,26.0,4.3,89.0,26.428571428571427,60.8,327,-0.6084768701151264,0.7935716089521472
2023-11-24,28.0,24.2,25.8,26.3,16.2,88,Chennai,1,25.7,10.8,87.0,26.2,84.9,328,-0.594726686960764,0.8039279618328208
2023-11-25,28.6,23.9,26.4,5.1,19.4,85,Chennai,1,25.8,26.3,88.0,26.04285714285714,88.9,329,-0.5808002734538013,0.8140460935082175
2023-11-26,29.1,23.4,26.5,15.8,22.7,84,Chennai,1,26.4,5.1,85.0,25.928571428571427,104.5,330,-0.5667017562911184,0.8239230057575536
2023-11-27,29.7,24.0,26.8,3.2,16.9,83,Chennai,1,26.5,15.8,84.0,26.099999999999998,90.8,331,-0.5524353131676203,0.8335557718385695
2023-11-28,28.9,23.3,25.7,6.4,19.2,87,Chennai,1,26.8,3.2,83.0,26.128571428571426,71.9,332,-0.5380051715382992,0.8429415373547832
2023-11-29,27.5,23.1,25.0,13.7,19.2,89,Chennai,1,25.7,6.4,87.0,25.985714285714284,81.3,333,-0.5234156073655503,0.8520775211013093
2023-11-30,26.7,23.9,25.1,13.5,15.0,90,Chennai,1,25.0,13.7,89.0,25.900000000000002,84.0,334,-0.5086709438521042,0.8609610158889945
2023-12-01,29.4,23.4,26.5,3.3,24.2,83,Chennai,1,25.1,13.5,90.0,26.0,61.0,335,-0.49377555015997737,0.8695893893466109
2023-12-02,27.2,24.4,25.5,25.3,27.5,88,Chennai,1,26.5,3.3,83.0,25.871428571428574,81.2,336,-0.4787338401157883,0.8779600847008883
2023-12-03,26.1,24.1,24.9,54.0,34.4,92,Chennai,1,25.5,25.3,88.0,25.642857142857142,119.4,337,-0.4635502709028512,0.8860706215341378
2023-12-04,25.2,23.8,24.3,255.8,50.1,90,Chennai,1,24.9,54.0,92.0,25.285714285714285,372.0,338,-0.4482293417404106,0.893918596519257
2023-12-05,31.0,23.5,26.6,14.3,26.0,80,Chennai,1,24.3,255.8,90.0,25.414285714285715,379.90000000000003,339,-0.4327755925504317,0.9015016841318838
2023-12-06,30.1,23.1,26.0,17.1,15.6,89,Chennai,1,26.6,14.3,80.0,25.557142857142857,383.29999999999995,340,-0.41719360261231697,0.9088176373395028
2023-12-07,28.9,23.5,25.5,5.6,13.4,90,Chennai,1,26.0,17.1,89.0,25.61428571428571,375.4,341,-0.4014879892059737,0.9158642882672868
2023-12-08,28.7,23.7,26.2,1.5,14.4,86,Chennai,1,25.5,5.6,90.0,25.571428571428573,373.6,342,-0.38566340624360745,0.9226395488404875
2023-12-09,29.5,24.3,26.8,0.3,17.3,83,Chennai,0,26.2,1.5,86.0,25.757142857142856,348.6,343,-0.3697245428906732,0.9291414114031743
2023-12-10,29.0,24.6,26.7,0.0,18.9,78,Chennai,0,26.8,0.3,83.0,26.014285714285716,294.6,344,-0.3536761221763721,0.935367949313148
2023-12-11,28.2,25.0,26.4,0.6,17.1,77,Chennai,0,26.7,0.0,78.0,26.314285714285713,39.4,345,-0.33752289959411347,0.941317317512847
2023-12-12,28.1,23.5,25.6,1.4,18.2,75,Chennai,1,26.4,0.6,77.0,26.171428571428574,26.5,346,-0.32126966169236515,0.9469877530760751
2023-12-13,27.6,22.4,25.2,0.4,20.0,74,Chennai,0,25.6,1.4,75.0,26.057142857142857,9.799999999999999,347,-0.3049212246562894,0.9523775757303973
2023-12-14,29.0,23.9,26.2,0.4,22.2,68,Chennai,0,25.2,0.4,74.0,26.157142857142855,4.6,348,-0.2884824328806098,0.9574851883550389
2023-12-15,26.4,24.7,25.6,6.1,23.4,84,Chennai,1,26.2,0.4,68.0,26.071428571428573,9.2,349,-0.27195815753410524,0.9623090774541487
2023-12-16,28.3,24.3,26.2,3.2,22.6,82,Chennai,1,25.6,6.1,84.0,25.985714285714288,12.099999999999998,350,-0.2553532951161881,0.9668478136052773
2023-12-17,28.0,24.3,26.2,3.1,23.9,81,Chennai,1,26.2,3.2,82.0,25.91428571428571,15.2,351,-0.23867276600594997,0.9711000518829505
2023-12-18,27.5,24.9,26.0,0.3,24.8,76,Chennai,0,26.2,3.1,81.0,25.857142857142858,14.899999999999999,352,-0.22192151300416674,0.9750645322571945
2023-12-19,27.8,23.8,26.1,0.0,23.0,68,Chennai,0,26.0,0.3,76.0,25.928571428571427,13.5,353,-0.20510449986861926,0.9787400799669153
2023-12-20,28.0,24.8,26.2,0.0,21.7,72,Chennai,0,26.1,0.0,68.0,26.071428571428573,13.1,354,-0.1882267098432439,0.9821256058680006
2023-12-21,28.1,24.1,25.8,0.0,20.2,74,Chennai,0,26.2,0.0,72.0,26.014285714285716,12.7,355,-0.1712931441814778,0.9852201067560606
2023-12-22,27.8,22.8,24.9,0.0,17.9,77,Chennai,0,25.8,0.0,74.0,25.91428571428571,6.6000000000000005,356,-0.154308820664281,0.9880226656636976
2023-12-23,27.7,20.9,24.3,0.0,14.8,76,Chennai,0,24.9,0.0,77.0,25.642857142857142,3.4,357,-0.13727877211326517,0.9905324521322227
2023-12-24,28.4,21.7,25.4,0.4,24.7,77,Chennai,0,24.3,0.0,76.0,25.528571428571432,0.7,358,-0.12020804489935275,0.9927487224577402
2023-12-25,28.0,24.0,25.6,3.4,23.4,85,Chennai,1,25.4,0.4,77.0,25.47142857142857,3.8,359,-0.10310169744743544,0.9946708199115211
2023-12-26,27.9,21.3,24.9,0.1,23.1,80,Chennai,0,25.6,3.4,85.0,25.3,3.9,360,-0.0859647987374467,0.9962981749346077
2023-12-27,28.2,23.4,25.9,0.3,22.9,74,Chennai,0,24.9,0.1,80.0,25.25714285714286,4.2,361,-0.06880242680232064,0.9976303053065857
2023-12-28,28.4,24.3,26.0,2.0,22.7,80,Chennai,1,25.9,0.3,74.0,25.285714285714285,6.199999999999999,362,-0.05161966722325418,0.9986668162884759
2023-12-29,28.4,24.3,25.9,2.0,23.9,81,Chennai,1,26.0,2.0,80.0,25.428571428571427,8.2,363,-0.034421611622745804,0.9994074007397048
2023-12-30,28.3,23.9,25.6,0.9,18.8,77,Chennai,0,25.9,2.0,81.0,25.614285714285717,9.1,364,-0.01721335615583528,0.9998518392091162
2023-12-31,28.1,23.3,25.5,0.2,17.6,74,Chennai,0,25.6,0.9,77.0,25.628571428571426,8.899999999999999,365,6.432490598706546e-16,1.0
2024-01-01,28.7,22.9,25.5,0.0,17.1,71,Chennai,0,25.5,0.2,74.0,25.614285714285717,5.5,1,0.017213356155834685,0.9998518392091162
2024-01-02,27.8,23.0,25.5,0.0,16.5,70,Chennai,0,25.5,0.0,71.0,25.699999999999996,5.4,2,0.03442161162274574,0.9994074007397048
2024-01-03,28.2,23.7,26.1,0.0,16.9,69,Chennai,0,25.5,0.0,70.0,25.72857142857143,5.1,3,0.051619667223253764,0.998666816288476
2024-01-04,29.0,24.7,26.3,1.0,19.4,71,Chennai,0,26.1,0.0,69.0,25.771428571428572,4.1,4,0.06880242680231986,0.9976303053065857
2024-01-05,29.0,24.5,26.5,0.3,16.9,71,Chennai,0,26.3,1.0,71.0,25.857142857142858,2.4,5,0.08596479873744647,0.9962981749346078
2024-01-06,28.3,24.1,26.1,2.7,23.4,78,Chennai,1,26.5,0.3,71.0,25.928571428571427,4.2,6,0.10310169744743485,0.9946708199115211
2024-01-07,26.6,24.1,25.4,20.3,23.8,83,Chennai,1,26.1,2.7,78.0,25.91428571428571,24.3,7,0.1202080448993527,0.9927487224577402
2024-01-08,26.8,24.0,25.3,25.5,23.7,86,Chennai,1,25.4,20.3,83.0,25.885714285714283,49.8,8,0.13727877211326478,0.9905324521322229
2024-01-09,28.4,25.4,26.5,0.1,20.7,75,Chennai,0,25.3,25.5,86.0,26.02857142857143,49.9,9,0.15430882066428117,0.9880226656636976
2024-01-10,28.2,24.6,26.1,0.0,18.3,78,Chennai,0,26.5,0.1,75.0,26.02857142857143,49.9,10,0.1712931441814776,0.9852201067560606
2024-01-11,28.2,23.9,25.9,0.0,16.4,78,Chennai,0,26.1,0.0,78.0,25.97142857142857,48.9,11,0.1882267098432442,0.9821256058680006
2024-01-12,28.4,23.4,25.8,0.0,14.5,80,Chennai,0,25.9,0.0,78.0,25.871428571428574,48.6,12,0.2051044998686192,0.9787400799669153
2024-01-13,28.5,22.1,25.2,0.2,14.7,85,Chennai,0,25.8,0.0,80.0,25.74285714285714,46.1,13,0.2219215130041655,0.9750645322571948
2024-01-14,28.4,20.7,24.7,0.3,12.6,84,Chennai,0,25.2,0.2,85.0,25.642857142857142,26.1,14,0.2386727660059501,0.9711000518829505
2024-01-15,28.4,21.5,24.8,0.0,11.7,78,Chennai,0,24.7,0.3,84.0,25.571428571428573,0.6,15,0.255353295116187,0.9668478136052775
2024-01-16,28.1,20.5,24.3,0.0,10.1,72,Chennai,0,24.8,0.0,78.0,25.25714285714286,0.5,16,0.2719581575341055,0.9623090774541486
2024-01-17,28.1,20.5,24.2,0.0,13.2,77,Chennai,0,24.3,0.0,72.0,24.985714285714288,0.5,17,0.288482432880609,0.9574851883550393
2024-01-18,28.5,20.6,25.0,0.0,11.6,79,Chennai,0,24.2,0.0,77.0,24.857142857142858,0.5,18,0.30492122465628907,0.9523775757303974
2024-01-19,28.6,22.2,25.3,0.1,13.8,83,Chennai,0,25.0,0.0,79.0,24.785714285714285,0.6,19,0.3212696616923644,0.9469877530760753
2024-01-20,28.7,23.9,26.0,0.0,14.6,78,Chennai,0,25.3,0.1,83.0,24.900000000000002,0.3999999999999999,20,0.3375228995941133,0.9413173175128471
2024-01-21,29.1,22.2,25.4,0.0,12.6,80,Chennai,0,26.0,0.0,78.0,25.0,0.1,21,0.3536761221763716,0.9353679493131483
2024-01-22,28.6,22.0,25.0,0.0,12.9,81,Chennai,0,25.4,0.0,80.0,25.02857142857143,0.1,22,0.3697245428906731,0.9291414114031743
2024-01-23,29.0,22.5,25.8,0.0,15.3,76,Chennai,0,25.0,0.0,81.0,25.24285714285714,0.1,23,0.38566340624360707,0.9226395488404876
2024-01-24,29.4,22.3,25.8,0.0,16.9,76,Chennai,0,25.8,0.0,76.0,25.47142857142857,0.1,24,0.401487989205973,0.9158642882672872
2024-01-25,29.2,21.3,25.5,0.0,15.3,78,Chennai,0,25.8,0.0,76.0,25.542857142857144,0.1,25,0.4171936026123168,0.9088176373395029
2024-01-26,29.1,22.1,25.6,1.0,14.8,77,Chennai,0,25.5,0.0,78.0,25.585714285714285,1.0,26,0.4327755925504312,0.901501684131884
2024-01-27,29.3,24.0,26.3,0.3,16.6,74,Chennai,0,25.6,1.0,77.0,25.628571428571426,1.3,27,0.4482293417404106,0.893918596519257
2024-01-28,28.9,23.3,26.1,0.2,17.0,74,Chennai,0,26.3,0.3,74.0,25.72857142857143,1.5,28,0.4635502709028509,0.886070621534138
2024-01-29,28.7,22.9,25.6,0.0,16.9,68,Chennai,0,26.1,0.2,74.0,25.814285714285717,1.5,29,0.47873384011578846,0.8779600847008882
2024-01-30,29.8,20.5,25.2,0.0,18.8,72,Chennai,0,25.6,0.0,68.0,25.728571428571428,1.5,30,0.49377555015997715,0.869589389346611
2024-01-31,29.4,22.2,26.2,0.0,13.8,75,Chennai,0,25.2,0.0,72.0,25.785714285714285,1.5,31,0.5086709438521044,0.8609610158889943
2024-02-01,29.2,23.9,26.6,0.6,14.4,82,Chennai,0,26.2,0.0,75.0,25.942857142857143,2.1,32,0.5234156073655503,0.8520775211013093
2024-02-02,29.9,23.5,26.8,0.3,15.0,81,Chennai,0,26.6,0.6,82.0,26.114285714285717,1.4,33,0.5380051715382996,0.8429415373547828
2024-02-03,29.8,23.5,26.3,0.0,12.6,79,Chennai,0,26.8,0.3,81.0,26.11428571428571,1.0999999999999999,34,0.5524353131676196,0.8335557718385699
2024-02-04,30.0,22.6,26.2,0.0,13.4,77,Chennai,0,26.3,0.0,79.0,26.12857142857143,0.8999999999999999,35,0.5667017562911176,0.8239230057575542
2024-02-05,29.8,22.1,25.8,0.0,13.6,78,Chennai,0,26.2,0.0,77.0,26.157142857142855,0.8999999999999999,36,0.5808002734538009,0.8140460935082178
2024-02-06,29.8,21.6,25.7,0.0,13.7,79,Chennai,0,25.8,0.0,78.0,26.22857142857143,0.8999999999999999,37,0.5947266869607634,0.8039279618328213
2024-02-07,30.3,21.5,25.1,0.0,12.8,82,Chennai,0,25.7,0.0,79.0,26.071428571428573,0.8999999999999999,38,0.6084768701151261,0.7935716089521474
2024-02-08,31.0,21.0,25.3,0.0,12.3,81,Chennai,0,25.1,0.0,82.0,25.885714285714283,0.3,39,0.6220467484408675,0.7829801036770629
2024-02-09,30.1,22.3,26.2,0.1,14.4,80,Chennai,0,25.3,0.0,81.0,25.8,0.1,40,0.6354323008901774,0.7721565844991642
2024-02-10,30.9,24.4,27.5,0.1,16.2,71,Chennai,0,26.2,0.1,80.0,25.97142857142857,0.2,41,0.6486295610349814,0.7611042586607747
2024-02-11,30.0,24.0,26.9,0.1,19.2,71,Chennai,0,27.5,0.1,71.0,26.071428571428573,0.30000000000000004,42,0.6616346182422783,0.7498264012045686
2024-02-12,29.6,22.1,26.3,0.0,17.2,70,Chennai,0,26.9,0.1,71.0,26.142857142857142,0.30000000000000004,43,0.6744436188329455,0.7383263540031065
2024-02-13,30.2,24.0,27.1,1.1,19.6,73,Chennai,1,26.3,0.0,70.0,26.342857142857138,1.4000000000000001,44,0.6870527672236669,0.7266075247685656
2024-02-14,30.5,24.6,27.2,0.1,16.8,77,Chennai,0,27.1,1.1,73.0,26.642857142857142,1.5000000000000002,45,0.699458327051647,0.7146733860429609
2024-02-15,29.8,22.9,26.4,0.0,15.8,78,Chennai,0,27.2,0.1,77.0,26.8,1.5000000000000002,46,0.7116566222817746,0.7025274741691571
2024-02-16,30.5,23.7,26.9,0.0,17.4,75,Chennai,0,26.4,0.0,78.0,26.9,1.4000000000000001,47,0.7236440382959124,0.6901733882429719
2024-02-17,31.1,22.4,26.5,0.0,16.1,78,Chennai,0,26.9,0.0,75.0,26.757142857142856,1.3000000000000003,48,0.7354170229639855,0.6776147890466889
2024-02-18,30.6,21.9,25.8,0.0,15.1,82,Chennai,0,26.5,0.0,78.0,26.599999999999998,1.2000000000000002,49,0.7469720876965552,0.6648553979642865
2024-02-19,31.7,22.1,26.9,0.0,18.4,77,Chennai,0,25.8,0.0,82.0,26.685714285714287,1.2000000000000002,50,0.7583058084785624,0.6518989958787126
2024-02-20,30.9,23.3,26.7,0.1,16.8,78,Chennai,0,26.9,0.0,77.0,26.628571428571426,0.2,51,0.7694148268839378,0.6387494220515272
2024-02-21,32.2,23.2,27.3,0.0,20.8,80,Chennai,0,26.7,0.1,78.0,26.642857142857142,0.1,52,0.7802958510707755,0.6254105729852463
2024-02-22,31.9,24.0,27.6,1.2,23.8,81,Chennai,1,27.3,0.0,80.0,26.814285714285713,1.3,53,0.7909456567567772,0.6118864012687243
2024-02-23,33.4,25.6,28.5,0.9,25.6,78,Chennai,0,27.6,1.2,81.0,27.042857142857144,2.2,54,0.8013610881746766,0.5981809144059165
2024-02-24,30.8,26.0,28.1,0.1,21.4,75,Chennai,0,28.5,0.9,78.0,27.271428571428572,2.3000000000000003,55,0.8115390590073611,0.5842981736283684
2024-02-25,30.7,25.5,28.0,0.0,16.2,69,Chennai,0,28.1,0.1,75.0,27.585714285714285,2.3000000000000003,56,0.8214765533024142,0.5702422926917871
2024-02-26,30.9,25.8,28.1,1.0,20.5,67,Chennai,0,28.0,0.0,69.0,27.75714285714286,3.3,57,0.8311706263658079,0.5560174366570446
2024-02-27,30.9,25.1,27.6,0.0,19.5,76,Chennai,0,28.1,1.0,67.0,27.88571428571429,3.2,58,0.8406184056344782,0.5416278206559814
2024-02-28,31.5,23.8,26.9,0.0,16.3,78,Chennai,0,27.6,0.0,76.0,27.82857142857143,3.2,59,0.8498170915275278,0.5270777086423722
2024-02-29,32.0,22.1,27.0,0.0,14.2,79,Chennai,0,26.9,0.0,78.0,27.74285714285714,1.9999999999999998,60,0.8587639582758029,0.5123714121284237
2024-03-01,32.0,23.6,27.5,0.0,14.8,79,Chennai,0,27.0,0.0,79.0,27.599999999999998,1.1,61,0.8674563547295969,0.49751328890718066
2024-03-02,33.0,22.9,27.5,0.0,18.0,75,Chennai,0,27.5,0.0,79.0,27.514285714285716,1.0,62,0.8758917051442429,0.48250774176121847
2024-03-03,31.6,24.0,27.6,0.0,18.6,76,Chennai,0,27.5,0.0,75.0,27.45714285714286,1.0,63,0.8840675099433636,0.4673592171580022
2024-03-04,30.8,22.3,26.8,0.1,17.2,77,Chennai,0,27.6,0.0,76.0,27.271428571428572,0.1,64,0.8919813464595485,0.45207220393230435
2024-03-05,31.3,22.9,27.2,0.0,16.4,75,Chennai,0,26.8,0.1,77.0,27.214285714285715,0.1,65,0.8996308696522433,0.43665123195606403
2024-03-06,32.7,23.2,27.4,0.0,20.8,77,Chennai,0,27.2,0.0,75.0,27.285714285714285,0.1,66,0.9070138128026359,0.4211008707960896
2024-03-07,34.1,23.5,28.3,0.0,21.7,72,Chennai,0,27.4,0.0,77.0,27.47142857142857,0.1,67,0.9141279881853337,0.40542572835999735
2024-03-08,32.1,23.8,28.0,0.0,22.0,79,Chennai,0,28.3,0.0,72.0,27.542857142857144,0.1,68,0.9209712877166346,0.38963044953078796
2024-03-09,32.8,24.3,28.4,0.0,21.3,80,Chennai,0,28.0,0.0,79.0,27.671428571428574,0.1,69,0.9275416835791966,0.37371971479046906
2024-03-10,32.7,24.6,28.5,0.0,18.1,75,Chennai,0,28.4,0.0,80.0,27.8,0.1,70,0.9338372288229252,0.35769823883312546
2024-03-11,32.7,24.7,28.5,0.0,18.3,74,Chennai,0,28.5,0.0,75.0,28.042857142857144,0.0,71,0.9398560579418954,0.3415707691678556
2024-03-12,33.4,24.2,28.3,0.0,21.8,76,Chennai,0,28.5,0.0,74.0,28.199999999999996,0.0,72,0.9455963874271426,0.3253420847119801
2024-03-13,33.8,24.8,28.7,0.0,25.8,77,Chennai,0,28.3,0.0,76.0,28.38571428571429,0.0,73,0.9510565162951535,0.30901699437494745
2024-03-14,33.6,24.8,28.6,0.0,22.0,76,Chennai,0,28.7,0.0,77.0,28.428571428571427,0.0,74,0.9562348265919056,0.29260033563334836
2024-03-15,32.6,24.6,28.5,0.3,23.3,73,Chennai,0,28.6,0.0,76.0,28.5,0.3,75,0.9611297838723007,0.27609697309746883
2024-03-16,32.2,25.9,28.9,0.4,24.2,74,Chennai,0,28.5,0.3,73.0,28.571428571428573,0.7,76,0.9657399376548549,0.2595117970697999
2024-03-17,31.9,25.4,28.3,0.3,19.9,75,Chennai,0,28.9,0.4,74.0,28.542857142857144,1.0,77,0.9700639218515071,0.2428497220959356
2024-03-18,32.8,24.8,28.2,0.0,19.9,75,Chennai,0,28.3,0.3,75.0,28.5,1.0,78,0.9741004551724205,0.22611568550828828
2024-03-19,32.5,24.8,28.2,0.0,16.9,76,Chennai,0,28.2,0.0,75.0,28.485714285714284,1.0,79,0.9778483415056568,0.20931464596304847
2024-03-20,32.2,24.8,28.4,0.0,18.7,72,Chennai,0,28.2,0.0,76.0,28.442857142857143,1.0,80,0.9813064702716093,0.19245158197082998
2024-03-21,30.4,26.2,28.1,3.5,17.4,74,Chennai,1,28.4,0.0,72.0,28.37142857142857,4.5,81,0.9844738167520922,0.1755314904214282
2024-03-22,31.9,24.9,28.3,0.2,15.2,74,Chennai,0,28.1,3.5,74.0,28.342857142857145,4.4,82,0.9873494423939864,0.15855938510313475
2024-03-23,33.1,23.9,28.5,0.0,18.2,74,Chennai,0,28.3,0.2,74.0,28.285714285714285,4.0,83,0.989932495087353,0.141540295217043
2024-03-24,32.6,24.3,28.3,0.0,20.6,75,Chennai,0,28.5,0.0,74.0,28.285714285714285,3.7,84,0.9922222094179323,0.12447926388678915
2024-03-25,31.9,23.8,27.7,0.0,16.5,77,Chennai,0,28.3,0.0,75.0,28.214285714285715,3.7,85,0.994217906893952,0.10738134666416309
2024-03-26,31.9,23.7,27.8,0.0,20.5,72,Chennai,0,27.7,0.0,77.0,28.157142857142862,3.7,86,0.995918996147179,0.09025161003104117
2024-03-27,32.8,23.8,28.4,0.0,18.2,74,Chennai,0,27.8,0.0,72.0,28.157142857142855,3.7,87,0.9973249731081555,0.07309512989807777
2024-03-28,33.7,23.6,28.5,0.0,20.2,76,Chennai,0,28.4,0.0,74.0,28.214285714285715,0.2,88,0.9984354211555643,0.055916990100603484
2024-03-29,34.1,25.1,29.3,0.0,23.1,76,Chennai,0,28.5,0.0,76.0,28.357142857142858,0.0,89,0.9992500112396835,0.03872228089217446
2024-03-30,34.7,24.6,29.0,0.0,22.3,73,Chennai,0,29.3,0.0,76.0,28.428571428571427,0.0,90,0.9997685019798909,0.021516097436222254
2024-03-31,33.6,24.5,28.9,0.0,22.3,77,Chennai,0,29.0,0.0,73.0,28.514285714285712,0.0,91,0.9999907397361901,0.004303538296244289
2024-04-01,33.7,25.3,29.3,0.1,22.3,77,Chennai,0,28.9,0.0,77.0,28.74285714285714,0.1,92,0.9999166586547379,-0.01291029607500882
2024-04-02,34.8,26.0,29.9,0.0,24.9,77,Chennai,0,29.3,0.1,77.0,29.04285714285714,0.1,93,0.9995462806873573,-0.030120304846908114
2024-04-03,35.1,26.7,30.1,0.0,25.9,76,Chennai,0,29.9,0.0,77.0,29.285714285714285,0.1,94,0.9988797155850336,-0.04732138832243185
2024-04-04,34.9,26.7,30.2,0.0,24.3,78,Chennai,0,30.1,0.0,76.0,29.528571428571432,0.1,95,0.9979171608653922,-0.06450844944931623
2024-04-05,35.0,26.3,29.9,0.0,23.4,79,Chennai,0,30.2,0.0,78.0,29.61428571428571,0.1,96,0.9966589017541702,-0.08167639533042241
2024-04-06,36.5,26.2,30.4,0.0,23.8,76,Chennai,0,29.9,0.0,79.0,29.814285714285713,0.1,97,0.9951053111006976,-0.09882013873287143
2024-04-07,36.9,25.8,30.3,0.0,24.0,76,Chennai,0,30.4,0.0,76.0,30.014285714285712,0.1,98,0.9932568492674143,-0.11593459959550041
2024-04-08,36.2,26.5,30.2,0.0,23.3,75,Chennai,0,30.3,0.0,76.0,30.142857142857142,0.0,99,0.9911140639934547,-0.1330147065341959
2024-04-09,33.3,25.9,29.5,0.0,16.9,74,Chennai,0,30.2,0.0,75.0,30.085714285714285,0.0,100,0.9886775902323405,-0.1500553983446526
2024-04-10,33.7,26.4,30.0,0.0,16.1,69,Chennai,0,29.5,0.0,74.0,30.071428571428573,0.0,101,0.9859481499638304,-0.16705162550211924
2024-04-11,33.4,26.5,30.1,0.0,20.0,70,Chennai,0,30.0,0.0,69.0,30.057142857142853,0.0,102,0.9829265519799822,-0.18399835165768005
2024-04-12,33.3,28.1,30.3,0.0,18.8,73,Chennai,0,30.1,0.0,70.0,30.114285714285717,0.0,103,0.9796136916454901,-0.20089055513063506
2024-04-13,34.0,26.4,30.0,0.5,16.3,75,Chennai,0,30.3,0.0,73.0,30.057142857142857,0.5,104,0.9760105506323683,-0.21772323039653177
2024-04-14,33.5,25.7,29.6,0.0,15.6,76,Chennai,0,30.0,0.5,75.0,29.957142857142856,0.5,105,0.9721181966290613,-0.23449138957040985
2024-04-15,34.2,25.0,29.4,0.0,16.3,76,Chennai,0,29.6,0.0,76.0,29.842857142857145,0.5,106,0.9679377830240642,-0.25119006388481935
2024-04-16,34.8,25.2,29.7,0.0,22.7,73,Chennai,0,29.4,0.0,76.0,29.87142857142857,0.5,107,0.9634705485641488,-0.2678143051621742
2024-04-17,36.2,26.0,30.4,0.0,26.9,74,Chennai,0,29.7,0.0,73.0,29.928571428571427,0.5,108,0.9587178169872964,-0.2843591872810034
2024-04-18,37.0,26.6,30.8,0.0,24.1,76,Chennai,0,30.4,0.0,74.0,30.028571428571432,0.5,109,0.9536809966304457,-0.30081980763566735
2024-04-19,36.1,27.8,31.0,0.0,25.9,77,Chennai,0,30.8,0.0,76.0,30.12857142857143,0.5,110,0.9483615800121715,-0.3171912885891061
2024-04-20,35.8,28.1,31.0,0.2,25.5,80,Chennai,0,31.0,0.0,77.0,30.271428571428572,0.2,111,0.9427611433904207,-0.3334687789181868
2024-04-21,35.5,27.6,30.8,0.0,27.5,79,Chennai,0,31.0,0.2,80.0,30.442857142857143,0.2,112,0.9368813462954315,-0.3496474552512284
2024-04-22,35.6,26.9,30.6,0.0,24.2,79,Chennai,0,30.8,0.0,79.0,30.614285714285717,0.2,113,0.9307239310379795,-0.36572252349726897
2024-04-23,34.7,26.3,30.1,0.0,21.4,75,Chennai,0,30.6,0.0,79.0,30.671428571428574,0.2,114,0.9242907221930933,-0.3816892202666588
2024-04-24,35.6,25.8,30.3,0.0,22.2,78,Chennai,0,30.1,0.0,75.0,30.657142857142862,0.2,115,0.9175836260593937,-0.39754281428255595
2024-04-25,34.8,27.0,30.4,0.0,22.8,77,Chennai,0,30.3,0.0,78.0,30.599999999999998,0.2,116,0.9106046300942162,-0.4132786077829042
2024-04-26,34.6,26.5,30.4,0.0,23.5,77,Chennai,0,30.4,0.0,77.0,30.514285714285712,0.2,117,0.9033558023246845,-0.4288919379124835
2024-04-27,34.7,26.0,30.1,0.0,22.8,76,Chennai,0,30.4,0.0,77.0,30.385714285714283,0.0,118,0.895839290734909,-0.4443781781046132
2024-04-28,35.6,26.5,30.6,0.0,24.0,77,Chennai,0,30.1,0.0,76.0,30.357142857142858,0.0,119,0.8880573226294932,-0.45973273945210397
2024-04-29,35.5,27.6,31.0,0.0,23.4,79,Chennai,0,30.6,0.0,77.0,30.41428571428571,0.0,120,0.8800122039735357,-0.47495107206704995
2024-04-30,35.7,28.0,31.3,0.0,27.6,78,Chennai,0,31.0,0.0,79.0,30.585714285714285,0.0,121,0.8717063187093218,-0.4900286664290592
2024-05-01,37.8,28.7,32.4,0.0,28.0,74,Chennai,0,31.3,0.0,78.0,30.88571428571429,0.0,122,0.8631421280499114,-0.5049610547215204
2024-05-02,38.3,29.8,32.8,0.0,32.8,70,Chennai,0,32.4,0.0,74.0,31.22857142857143,0.0,123,0.854322169749827,-0.5197438121555155
2024-05-03,38.5,28.0,32.2,0.0,29.8,71,Chennai,0,32.8,0.0,70.0,31.485714285714288,0.0,124,0.8452490573530633,-0.5343725582809786
2024-05-04,37.4,29.3,32.5,0.0,30.0,74,Chennai,0,32.2,0.0,71.0,31.82857142857143,0.0,125,0.8359254794186372,-0.548842958284719
2024-05-05,36.4,29.5,32.4,0.0,30.2,75,Chennai,0,32.5,0.0,74.0,32.08571428571428,0.0,126,0.8263541987239096,-0.5631507242749186
2024-05-06,37.1,29.8,32.6,0.0,32.6,74,Chennai,0,32.4,0.0,75.0,32.31428571428572,0.0,127,0.8165380514459161,-0.5772916165517272
2024-05-07,36.9,29.8,32.2,0.1,24.8,73,Chennai,0,32.6,0.0,74.0,32.44285714285714,0.1,128,0.8064799463209448,-0.5912614448635781
2024-05-08,33.5,26.8,30.4,2.2,18.9,74,Chennai,1,32.2,0.1,73.0,32.15714285714286,2.3000000000000003,129,0.7961828637826158,-0.6050560696488488
2024-05-09,32.9,27.0,30.3,2.8,21.4,78,Chennai,1,30.4,2.2,74.0,31.800000000000004,5.1,130,0.7856498550787147,-0.6186714032625031
2024-05-10,32.7,27.5,30.0,7.0,19.6,77,Chennai,1,30.3,2.8,78.0,31.485714285714288,12.1,131,0.7748840413670407,-0.6321034111873487
2024-05-11,34.2,25.6,30.4,0.6,19.9,76,Chennai,0,30.0,7.0,77.0,31.185714285714287,12.7,132,0.7638886127905428,-0.6453481132295501
2024-05-12,33.4,29.4,31.2,3.2,19.3,73,Chennai,1,30.4,0.6,76.0,31.014285714285712,15.9,133,0.7526668275320085,-0.6584015846980488
2024-05-13,33.1,26.3,30.0,8.4,15.6,77,Chennai,1,31.2,3.2,73.0,30.642857142857142,24.3,134,0.7412220108485958,-0.6712599575675313
2024-05-14,33.7,27.6,30.8,0.9,17.1,76,Chennai,0,30.0,8.4,77.0,30.442857142857147,25.099999999999998,135,0.7295575540864875,-0.6839194216246106
2024-05-15,34.0,27.1,30.3,2.9,20.1,78,Chennai,1,30.8,0.9,76.0,30.428571428571427,25.8,136,0.717676913675962,-0.6963762255968722
2024-05-16,29.6,25.9,28.3,19.4,14.9,83,Chennai,1,30.3,2.9,78.0,30.142857142857142,42.4,137,0.705583610107178,-0.7086266782644596
2024-05-17,30.6,26.5,28.8,1.6,18.9,81,Chennai,1,28.3,19.4,83.0,29.97142857142857,37.0,138,0.6932812268869777,-0.7206671495538609
2024-05-18,30.6,26.1,28.8,6.6,14.9,83,Chennai,1,28.8,1.6,81.0,29.74285714285714,43.0,139,0.6807734094770161,-0.7324940716135789
2024-05-19,33.1,26.2,29.2,9.5,17.6,81,Chennai,1,28.8,6.6,83.0,29.457142857142856,49.3,140,0.6680638642135335,-0.7441039398713607
2024-05-20,31.3,26.7,28.6,13.9,16.6,84,Chennai,1,29.2,9.5,81.0,29.25714285714286,54.8,141,0.6551563572090853,-0.7554933140726803
2024-05-21,30.6,26.6,28.4,24.0,14.5,86,Chennai,1,28.6,13.9,84.0,28.91428571428571,77.9,142,0.6420547132365637,-0.766658819300159
2024-05-22,31.3,25.7,28.5,21.3,18.6,86,Chennai,1,28.4,24.0,86.0,28.657142857142862,96.30000000000001,143,0.6287628145958344,-0.7775971469736269
2024-05-23,32.5,26.6,29.2,24.7,14.1,85,Chennai,1,28.5,21.3,86.0,28.785714285714285,101.6,144,0.6152845999633276,-0.7883050558305255
2024-05-24,36.1,26.6,31.2,0.0,22.6,76,Chennai,0,29.2,24.7,85.0,29.128571428571426,100.0,145,0.6016240632249226,-0.7987793728863649
2024-05-25,36.1,27.5,30.8,16.6,18.8,71,Chennai,1,31.2,0.0,76.0,29.414285714285715,110.0,146,0.5877852522924732,-0.8090169943749473
2024-05-26,39.1,28.1,32.8,0.6,21.6,56,Chennai,0,30.8,16.6,71.0,29.928571428571427,101.1,147,0.5737722679043246,-0.8190148866680801
2024-05-27,40.9,30.4,34.8,0.1,23.5,47,Chennai,0,32.8,0.6,56.0,30.814285714285713,87.30000000000001,148,0.5595892624101765,-0.8287700871745038
2024-05-28,41.0,30.1,34.3,0.0,23.2,52,Chennai,0,34.8,0.1,47.0,31.657142857142862,63.300000000000004,149,0.545240438540651,-0.8382797052177744
2024-05-29,40.7,30.3,33.9,0.0,25.2,55,Chennai,0,34.3,0.0,52.0,32.42857142857143,42.0,150,0.5307300481619334,-0.8475409228928311
2024-05-30,39.3,29.8,33.7,0.0,21.0,64,Chennai,0,33.9,0.0,55.0,33.07142857142857,17.3,151,0.5160623910158528,-0.8565509959010036
2024-05-31,40.2,29.0,33.4,21.9,21.1,64,Chennai,1,33.7,0.0,64.0,33.385714285714286,39.2,152,0.5012418134457758,-0.865307254363206
2024-06-01,36.8,27.8,32.7,1.0,27.0,72,Chennai,0,33.4,21.9,64.0,33.65714285714286,23.599999999999998,153,0.48627270710868997,-0.8738071036110808
2024-06-02,33.5,27.1,29.6,22.0,18.7,79,Chennai,1,32.7,1.0,72.0,33.2,45.0,154,0.4711595076738638,-0.8820480249558537
2024-06-03,30.7,27.1,29.1,9.4,14.4,81,Chennai,1,29.6,22.0,79.0,32.385714285714286,54.3,155,0.4559066935084588,-0.8900275764346767
2024-06-04,34.5,26.9,30.0,9.6,11.2,80,Chennai,1,29.1,9.4,81.0,31.77142857142857,63.89999999999999,156,0.440518784350495,-0.8977433935342337
2024-06-05,32.5,26.3,28.7,35.5,24.6,84,Chennai,1,30.0,9.6,80.0,31.028571428571432,99.39999999999999,157,0.42500033996955416,-0.9051931898913974
2024-06-06,32.2,26.1,27.9,28.1,18.9,87,Chennai,1,28.7,35.5,84.0,30.2,127.5,158,0.4093559588156213,-0.9123747579707273
2024-06-07,31.0,25.9,28.1,5.1,16.2,85,Chennai,1,27.9,28.1,87.0,29.442857142857143,110.7,159,0.39359027665646673,-0.9192859697186104
2024-06-08,33.7,26.7,29.4,2.1,23.4,78,Chennai,1,28.1,5.1,85.0,28.97142857142857,111.8,160,0.3777079652039649,-0.9259247771938498
2024-06-09,34.8,27.0,30.2,0.5,21.3,72,Chennai,0,29.4,2.1,78.0,29.057142857142857,90.3,161,0.36171373072976765,-0.9322892131745133
2024-06-10,36.5,27.5,30.4,7.0,25.9,70,Chennai,1,30.2,0.5,72.0,29.242857142857144,87.89999999999999,162,0.3456123126707335,-0.9383773917408641
2024-06-11,36.2,27.7,30.7,10.4,17.4,64,Chennai,1,30.4,7.0,70.0,29.342857142857138,88.7,163,0.3294084822245304,-0.9441875088341993
2024-06-12,33.8,26.8,30.0,0.6,20.5,66,Chennai,0,30.7,10.4,64.0,29.52857142857143,53.800000000000004,164,0.3131070409358269,-0.9497178427914316
2024-06-13,35.4,27.5,30.8,0.1,20.2,62,Chennai,0,30.0,0.6,66.0,29.942857142857143,25.8,165,0.29671281927349075,-0.9549667548552551
2024-06-14,35.9,27.6,30.7,0.1,22.7,64,Chennai,0,30.8,0.1,62.0,30.314285714285713,20.8,166,0.28023067519921585,-0.9599326896597447
2024-06-15,35.5,27.2,30.5,2.3,16.4,65,Chennai,1,30.7,0.1,64.0,30.471428571428568,21.0,167,0.26366549272800704,-0.9646141756912435
2024-06-16,36.3,27.1,30.9,0.2,17.3,70,Chennai,0,30.5,2.3,65.0,30.571428571428573,20.7,168,0.24702218048093552,-0.9690098257244062
2024-06-17,36.4,27.6,31.0,0.3,20.6,66,Chennai,0,30.9,0.2,70.0,30.657142857142855,14.0,169,0.23030567023061221,-0.9731183372332619
2024-06-18,37.0,27.3,31.0,0.7,19.1,68,Chennai,0,31.0,0.3,66.0,30.7,4.3,170,0.21352091543979612,-0.9769384927771817
2024-06-19,35.3,25.6,29.3,16.6,23.2,75,Chennai,1,31.0,0.7,68.0,30.599999999999998,20.3,171,0.19667288979357647,-0.980469160361632
2024-06-20,35.6,25.6,29.9,2.1,16.2,70,Chennai,1,29.3,16.6,75.0,30.471428571428568,22.3,172,0.1797665857255624,-0.9837092937736097
2024-06-21,36.0,27.4,30.1,5.6,19.1,65,Chennai,1,29.9,2.1,70.0,30.385714285714283,27.8,173,0.16280701293851715,-0.986657932891657
2024-06-22,36.3,27.9,31.3,0.2,19.6,61,Chennai,0,30.1,5.6,65.0,30.5,25.7,174,0.1457991969198751,-0.9893142039703663
2024-06-23,36.5,27.6,31.0,0.9,18.9,64,Chennai,0,31.3,0.2,61.0,30.514285714285712,26.400000000000002,175,0.12874817745258132,-0.99167731989929
2024-06-24,36.1,27.9,30.8,0.2,24.3,64,Chennai,0,31.0,0.9,64.0,30.485714285714288,26.3,176,0.11165900712169512,-0.993746580436178
2024-06-25,35.2,27.8,31.0,0.6,19.8,62,Chennai,0,30.8,0.2,64.0,30.485714285714288,26.2,177,0.09453674981719912,-0.9955213724144752
2024-06-26,36.5,28.8,31.5,0.5,21.1,59,Chennai,0,31.0,0.6,62.0,30.800000000000004,10.1,178,0.07738647923346301,-0.9970011699250151
2024-06-27,34.9,27.1,31.0,1.0,25.9,60,Chennai,0,31.5,0.5,59.0,30.95714285714286,9.0,179,0.06021327736579302,-0.9981855344718586
2024-06-28,37.1,28.5,31.5,0.0,24.2,60,Chennai,0,31.0,1.0,60.0,31.157142857142862,3.4000000000000004,180,0.04302223300453059,-0.99907411510223
2024-06-29,37.8,27.7,31.5,2.1,21.1,65,Chennai,1,31.5,0.0,60.0,31.185714285714287,5.3,181,0.02581844022713308,-0.9996666485105112
2024-06-30,34.4,28.2,30.5,0.0,21.6,73,Chennai,0,31.5,2.1,65.0,31.114285714285717,4.4,182,0.008606996888688698,-0.9999629591162655
2024-07-01,33.9,26.5,30.0,2.0,18.4,71,Chennai,1,30.5,0.0,73.0,31.0,6.2,183,-0.008606996888688009,-0.9999629591162655
2024-07-02,36.0,27.7,30.7,0.0,17.9,64,Chennai,0,30.0,2.0,71.0,30.957142857142856,5.6,184,-0.02581844022713239,-0.9996666485105112
2024-07-03,37.5,27.4,31.3,4.2,16.9,64,Chennai,1,30.7,0.0,64.0,30.928571428571427,9.3,185,-0.04302223300453034,-0.99907411510223
2024-07-04,34.8,26.6,30.0,2.6,15.2,66,Chennai,1,31.3,4.2,64.0,30.785714285714285,10.9,186,-0.060213277365792774,-0.9981855344718586
2024-07-05,36.1,27.0,30.6,0.0,23.8,67,Chennai,0,30.0,2.6,66.0,30.657142857142855,10.9,187,-0.07738647923346322,-0.9970011699250151
2024-07-06,32.2,26.1,28.8,2.2,14.5,74,Chennai,1,30.6,0.0,67.0,30.271428571428572,11.0,188,-0.09453674981719933,-0.9955213724144752
2024-07-07,36.1,26.7,29.8,1.2,18.0,68,Chennai,1,28.8,2.2,74.0,30.17142857142857,12.200000000000001,189,-0.11165900712169444,-0.9937465804361781
2024-07-08,32.7,26.5,28.9,11.6,15.8,73,Chennai,1,29.8,1.2,68.0,30.014285714285712,21.8,190,-0.12874817745258066,-0.99167731989929
2024-07-09,33.9,25.8,28.9,5.2,17.6,75,Chennai,1,28.9,11.6,73.0,29.75714285714286,27.0,191,-0.14579919691987442,-0.9893142039703664
2024-07-10,35.5,27.0,30.3,0.2,15.9,69,Chennai,0,28.9,5.2,75.0,29.61428571428571,23.0,192,-0.16280701293851646,-0.9866579328916572
2024-07-11,33.3,26.1,29.3,1.0,15.5,73,Chennai,0,30.3,0.2,69.0,29.514285714285712,21.4,193,-0.17976658572556214,-0.9837092937736098
2024-07-12,35.7,27.3,30.3,2.6,23.4,70,Chennai,1,29.3,1.0,73.0,29.47142857142857,24.0,194,-0.19667288979357622,-0.9804691603616321
2024-07-13,29.6,25.6,27.9,8.0,17.3,80,Chennai,1,30.3,2.6,70.0,29.342857142857138,29.8,195,-0.2135209154397959,-0.9769384927771817
2024-07-14,28.5,25.4,27.0,8.9,14.6,84,Chennai,1,27.9,8.0,80.0,28.942857142857143,37.5,196,-0.23030567023061196,-0.973118337233262
2024-07-15,30.2,25.2,26.9,8.2,19.5,85,Chennai,1,27.0,8.9,84.0,28.657142857142855,34.1,197,-0.24702218048093527,-0.9690098257244063
2024-07-16,31.3,25.5,27.3,2.8,21.8,81,Chennai,1,26.9,8.2,85.0,28.428571428571427,31.7,198,-0.2636654927280072,-0.9646141756912435
2024-07-17,31.4,25.8,28.5,0.1,20.9,73,Chennai,0,27.3,2.8,81.0,28.171428571428574,31.6,199,-0.2802306751992161,-0.9599326896597445
2024-07-18,31.9,27.1,28.9,1.1,23.4,70,Chennai,1,28.5,0.1,73.0,28.114285714285717,31.700000000000003,200,-0.2967128192734901,-0.9549667548552553
2024-07-19,30.1,26.2,27.7,0.5,22.6,74,Chennai,0,28.9,1.1,70.0,27.74285714285714,29.6,201,-0.3131070409358267,-0.9497178427914317
2024-07-20,33.0,25.9,28.6,0.1,25.5,70,Chennai,0,27.7,0.5,74.0,27.842857142857145,21.7,202,-0.3294084822245302,-0.9441875088341994
2024-07-21,35.6,27.0,30.2,2.6,21.9,62,Chennai,1,28.6,0.1,70.0,28.300000000000004,15.399999999999999,203,-0.3456123126707333,-0.9383773917408642
2024-07-22,35.2,27.4,30.9,0.0,24.9,57,Chennai,0,30.2,2.6,62.0,28.87142857142857,7.2,204,-0.3617137307297674,-0.9322892131745134
2024-07-23,36.6,27.0,31.2,0.1,27.4,58,Chennai,0,30.9,0.0,57.0,29.428571428571427,4.5,205,-0.37770796520396466,-0.9259247771938499
2024-07-24,36.7,28.0,31.6,0.0,28.9,55,Chennai,0,31.2,0.1,58.0,29.87142857142857,4.4,206,-0.39359027665646645,-0.9192859697186105
2024-07-25,37.8,27.8,31.5,1.1,30.3,55,Chennai,1,31.6,0.0,55.0,30.24285714285714,4.4,207,-0.4093559588156211,-0.9123747579707274
2024-07-26,36.5,27.5,31.2,4.6,27.8,57,Chennai,1,31.5,1.1,55.0,30.74285714285714,8.5,208,-0.42500033996955394,-0.9051931898913975
2024-07-27,34.8,28.4,31.5,0.3,30.4,53,Chennai,0,31.2,4.6,57.0,31.157142857142855,8.700000000000001,209,-0.4405187843504952,-0.8977433935342336
2024-07-28,37.1,28.0,31.5,0.1,26.6,49,Chennai,0,31.5,0.3,53.0,31.342857142857138,6.2,210,-0.455906693508459,-0.8900275764346766
2024-07-29,36.7,26.7,30.8,5.8,22.1,62,Chennai,1,31.5,0.1,49.0,31.32857142857143,12.0,211,-0.47115950767386394,-0.8820480249558535
2024-07-30,36.0,26.9,30.4,1.5,19.5,66,Chennai,1,30.8,5.8,62.0,31.214285714285715,13.4,212,-0.4862727071086902,-0.8738071036110807
2024-07-31,36.0,27.0,30.4,1.5,17.3,63,Chennai,1,30.4,1.5,66.0,31.04285714285714,14.9,213,-0.5012418134457756,-0.8653072543632061
2024-08-01,35.8,28.1,30.6,2.6,23.5,62,Chennai,1,30.4,1.5,63.0,30.914285714285715,16.400000000000002,214,-0.5160623910158526,-0.8565509959010037
2024-08-02,35.7,27.4,29.8,4.5,19.8,68,Chennai,1,30.6,2.6,62.0,30.714285714285715,16.299999999999997,215,-0.5307300481619331,-0.8475409228928312
2024-08-03,34.8,26.3,29.6,7.7,15.8,71,Chennai,1,29.8,4.5,68.0,30.442857142857147,23.7,216,-0.5452404385406507,-0.8382797052177745
2024-08-04,35.3,26.6,29.8,0.2,13.8,72,Chennai,0,29.6,7.7,71.0,30.2,23.799999999999997,217,-0.5595892624101763,-0.828770087174504
2024-08-05,32.0,24.7,28.0,0.8,15.0,82,Chennai,0,29.8,0.2,72.0,29.8,18.8,218,-0.5737722679043243,-0.8190148866680802
2024-08-06,33.1,25.0,28.4,19.1,18.4,79,Chennai,1,28.0,0.8,82.0,29.514285714285712,36.4,219,-0.5877852522924734,-0.8090169943749472
2024-08-07,32.3,24.9,27.7,8.8,13.0,82,Chennai,1,28.4,19.1,79.0,29.12857142857143,43.7,220,-0.6016240632249227,-0.7987793728863648
2024-08-08,32.0,25.5,28.0,10.9,12.6,81,Chennai,1,27.7,8.8,82.0,28.757142857142856,52.0,221,-0.6152845999633277,-0.7883050558305253
2024-08-09,32.8,24.9,27.9,20.9,19.2,84,Chennai,1,28.0,10.9,81.0,28.485714285714288,68.4,222,-0.6287628145958345,-0.7775971469736268
2024-08-10,31.8,24.6,27.9,4.1,14.3,84,Chennai,1,27.9,20.9,84.0,28.242857142857144,64.8,223,-0.6420547132365636,-0.7666588193001592
2024-08-11,33.5,25.0,28.5,16.2,13.8,82,Chennai,1,27.9,4.1,84.0,28.057142857142857,80.8,224,-0.655156357209085,-0.7554933140726804
2024-08-12,33.6,24.6,28.4,11.4,15.3,82,Chennai,1,28.5,16.2,82.0,28.114285714285717,91.4,225,-0.6680638642135333,-0.7441039398713608
2024-08-13,32.1,25.6,28.6,0.5,16.7,80,Chennai,0,28.4,11.4,82.0,28.142857142857142,72.80000000000001,226,-0.6807734094770159,-0.7324940716135792
2024-08-14,30.9,26.0,28.6,1.0,13.5,84,Chennai,0,28.6,0.5,80.0,28.271428571428572,65.0,227,-0.6932812268869771,-0.7206671495538615
2024-08-15,32.0,26.1,28.8,1.6,18.7,82,Chennai,1,28.6,1.0,84.0,28.38571428571429,55.699999999999996,228,-0.7055836101071774,-0.70862667826446
2024-08-16,32.0,26.9,29.1,0.9,20.6,79,Chennai,0,28.8,1.6,82.0,28.557142857142857,35.699999999999996,229,-0.7176769136759615,-0.6963762255968726
2024-08-17,32.5,26.0,29.2,0.1,15.0,79,Chennai,0,29.1,0.9,79.0,28.74285714285714,31.699999999999996,230,-0.7295575540864876,-0.6839194216246105
2024-08-18,32.8,26.1,29.1,1.6,15.0,79,Chennai,1,29.2,0.1,79.0,28.82857142857143,17.1,231,-0.7412220108485957,-0.6712599575675315
2024-08-19,33.1,27.2,29.4,1.7,21.4,78,Chennai,1,29.1,1.6,79.0,28.97142857142857,7.4,232,-0.7526668275320083,-0.6584015846980489
2024-08-20,32.1,25.7,28.6,4.7,22.3,81,Chennai,1,29.4,1.7,78.0,28.97142857142857,11.600000000000001,233,-0.7638886127905429,-0.64534811322955
2024-08-21,31.9,26.7,29.0,1.0,24.0,76,Chennai,0,28.6,4.7,81.0,29.02857142857143,11.600000000000001,234,-0.7748840413670406,-0.6321034111873488
2024-08-22,32.8,26.6,29.2,0.0,26.2,71,Chennai,0,29.0,1.0,76.0,29.085714285714285,10.0,235,-0.7856498550787144,-0.6186714032625032
2024-08-23,34.1,26.6,29.8,0.1,22.7,74,Chennai,0,29.2,0.0,71.0,29.185714285714287,9.200000000000001,236,-0.7961828637826154,-0.6050560696488494
2024-08-24,34.6,27.0,30.2,0.2,22.8,69,Chennai,0,29.8,0.1,74.0,29.32857142857143,9.3,237,-0.8064799463209447,-0.5912614448635782
2024-08-25,35.2,27.2,30.6,0.4,19.4,62,Chennai,0,30.2,0.2,69.0,29.54285714285714,8.1,238,-0.8165380514459157,-0.5772916165517278
2024-08-26,35.2,27.9,30.7,1.0,23.3,58,Chennai,0,30.6,0.4,62.0,29.72857142857143,7.4,239,-0.8263541987239094,-0.5631507242749187
2024-08-27,34.1,26.5,29.6,5.1,16.2,68,Chennai,1,30.7,1.0,58.0,29.87142857142857,7.8,240,-0.8359254794186365,-0.5488429582847199
2024-08-28,29.2,25.7,27.4,5.1,12.4,78,Chennai,1,29.6,5.1,68.0,29.642857142857142,11.899999999999999,241,-0.8452490573530634,-0.5343725582809785
2024-08-29,33.8,24.8,27.6,8.9,22.6,78,Chennai,1,27.4,5.1,78.0,29.414285714285715,20.8,242,-0.8543221697498269,-0.5197438121555157
2024-08-30,32.2,25.8,28.0,5.0,22.4,75,Chennai,1,27.6,8.9,78.0,29.157142857142862,25.7,243,-0.8631421280499115,-0.5049610547215202
2024-08-31,31.6,25.5,28.5,0.3,19.4,71,Chennai,0,28.0,5.0,75.0,28.914285714285715,25.8,244,-0.8717063187093217,-0.4900286664290594
2024-09-01,34.4,26.6,29.6,0.0,19.8,67,Chennai,0,28.5,0.3,71.0,28.771428571428572,25.400000000000002,245,-0.8800122039735356,-0.4749510720670502
2024-09-02,35.1,25.9,29.6,2.5,19.4,70,Chennai,1,29.6,0.0,67.0,28.61428571428571,26.900000000000002,246,-0.888057322629493,-0.4597327394521046
2024-09-03,33.3,25.3,28.6,5.1,14.5,79,Chennai,1,29.6,2.5,70.0,28.47142857142857,26.9,247,-0.8958392907349089,-0.4443781781046134
2024-09-04,33.7,26.1,28.9,0.0,17.2,75,Chennai,0,28.6,5.1,79.0,28.685714285714287,21.8,248,-0.9033558023246842,-0.4288919379124841
2024-09-05,34.7,26.8,29.5,0.7,18.8,70,Chennai,0,28.9,0.0,75.0,28.957142857142856,13.6,249,-0.9106046300942162,-0.41327860778290443
2024-09-06,33.7,25.1,28.6,17.3,19.3,77,Chennai,1,29.5,0.7,70.0,29.042857142857144,25.9,250,-0.9175836260593934,-0.3975428142825566
2024-09-07,32.6,25.7,29.2,2.9,17.6,71,Chennai,1,28.6,17.3,77.0,29.142857142857142,28.5,251,-0.9242907221930934,-0.3816892202666586
2024-09-08,34.0,27.1,29.8,0.0,21.5,65,Chennai,0,29.2,2.9,71.0,29.17142857142857,28.5,252,-0.9307239310379793,-0.3657225234972692
2024-09-09,34.2,27.3,29.9,0.0,24.4,66,Chennai,0,29.8,0.0,65.0,29.214285714285715,26.0,253,-0.9368813462954315,-0.34964745525122826
2024-09-10,36.2,27.6,30.5,1.1,21.6,66,Chennai,1,29.9,0.0,66.0,29.485714285714284,22.000000000000004,254,-0.9427611433904206,-0.33346877891818705
2024-09-11,35.1,27.7,30.2,1.2,23.5,66,Chennai,1,30.5,1.1,66.0,29.671428571428574,23.200000000000003,255,-0.9483615800121716,-0.31719128858910595
2024-09-12,36.4,27.3,30.2,0.8,18.8,66,Chennai,0,30.2,1.2,66.0,29.771428571428572,23.300000000000004,256,-0.9536809966304455,-0.300819807635668
2024-09-13,35.9,26.8,30.3,0.1,17.4,70,Chennai,0,30.2,0.8,66.0,30.014285714285716,6.100000000000003,257,-0.9587178169872964,-0.2843591872810036
2024-09-14,36.0,26.9,30.7,0.5,20.0,68,Chennai,0,30.3,0.1,70.0,30.228571428571428,3.7000000000000037,258,-0.9634705485641486,-0.26781430516217486
2024-09-15,36.5,26.7,30.7,3.6,16.8,67,Chennai,1,30.7,0.5,68.0,30.357142857142858,7.300000000000004,259,-0.9679377830240642,-0.25119006388481957
2024-09-16,35.8,26.9,30.7,0.4,19.2,63,Chennai,0,30.7,3.6,67.0,30.47142857142857,7.700000000000004,260,-0.9721181966290612,-0.23449138957041052
2024-09-17,36.3,27.6,30.8,0.6,17.1,63,Chennai,0,30.7,0.4,63.0,30.514285714285712,7.200000000000003,261,-0.9760105506323682,-0.21772323039653224
2024-09-18,34.8,26.9,30.0,1.5,13.8,70,Chennai,1,30.8,0.6,63.0,30.485714285714284,7.5000000000000036,262,-0.9796136916454901,-0.20089055513063528
2024-09-19,33.9,25.3,29.3,2.0,18.3,73,Chennai,1,30.0,1.5,70.0,30.357142857142858,8.700000000000003,263,-0.9829265519799822,-0.18399835165767986
2024-09-20,35.9,26.5,30.5,0.4,14.7,67,Chennai,0,29.3,2.0,73.0,30.385714285714283,9.000000000000004,264,-0.9859481499638303,-0.1670516255021195
2024-09-21,31.0,25.6,28.5,3.9,17.0,77,Chennai,1,30.5,0.4,67.0,30.071428571428573,12.400000000000004,265,-0.9886775902323404,-0.15005539834465262
2024-09-22,33.6,25.1,28.3,12.9,15.7,79,Chennai,1,28.5,3.9,77.0,29.72857142857143,21.700000000000003,266,-0.9911140639934546,-0.13301470653419636
2024-09-23,33.0,24.8,28.5,15.5,13.3,81,Chennai,1,28.3,12.9,79.0,29.414285714285715,36.800000000000004,267,-0.9932568492674143,-0.11593459959550066
2024-09-24,33.4,25.6,28.9,12.4,15.5,78,Chennai,1,28.5,15.5,81.0,29.142857142857142,48.6,268,-0.9951053111006974,-0.09882013873287211
2024-09-25,33.9,25.7,28.7,11.2,16.3,81,Chennai,1,28.9,12.4,78.0,28.95714285714286,58.3,269,-0.99665890175417,-0.08167639533042288
2024-09-26,30.5,26.6,28.2,0.8,14.7,84,Chennai,0,28.7,11.2,81.0,28.8,57.1,270,-0.9979171608653922,-0.06450844944931625
2024-09-27,31.4,25.5,28.3,7.8,17.3,84,Chennai,1,28.2,0.8,84.0,28.485714285714288,64.5,271,-0.9988797155850335,-0.04732138832243232
2024-09-28,30.8,24.3,27.6,14.1,14.6,85,Chennai,1,28.3,7.8,84.0,28.357142857142858,74.7,272,-0.9995462806873573,-0.03012030484690836
2024-09-29,30.8,24.5,27.7,0.7,16.3,84,Chennai,0,27.6,14.1,85.0,28.27142857142857,62.50000000000001,273,-0.9999166586547379,-0.012910296075008843
2024-09-30,30.1,25.1,27.5,0.9,14.3,85,Chennai,0,27.7,0.7,84.0,28.128571428571426,47.900000000000006,274,-0.9999907397361901,0.004303538296243821
2024-10-01,31.6,25.6,28.3,0.6,17.3,80,Chennai,0,27.5,0.9,85.0,28.042857142857144,36.1,275,-0.9997685019798909,0.021516097436222233
2024-10-02,34.4,25.5,29.5,0.0,19.2,76,Chennai,0,28.3,0.6,80.0,28.157142857142855,24.900000000000002,276,-0.9992500112396835,0.03872228089217399
2024-10-03,34.0,26.4,29.5,1.6,15.0,75,Chennai,1,29.5,0.0,76.0,28.342857142857145,25.700000000000003,277,-0.9984354211555643,0.05591699010060302
2024-10-04,32.8,26.5,29.0,2.2,18.3,78,Chennai,1,29.5,1.6,75.0,28.442857142857143,20.100000000000005,278,-0.9973249731081555,0.07309512989807776
2024-10-05,33.5,25.5,28.9,0.1,14.5,78,Chennai,0,29.0,2.2,78.0,28.62857142857143,6.100000000000003,279,-0.9959189961471792,0.0902516100310407
2024-10-06,32.2,25.5,28.6,0.0,13.3,80,Chennai,0,28.9,0.1,78.0,28.75714285714286,5.400000000000003,280,-0.994217906893952,0.10738134666416306
2024-10-07,30.0,25.6,27.9,1.4,12.3,80,Chennai,1,28.6,0.0,80.0,28.814285714285717,5.900000000000004,281,-0.9922222094179324,0.12447926388678869
2024-10-08,30.3,24.8,27.7,1.4,13.2,81,Chennai,1,27.9,1.4,80.0,28.728571428571428,6.700000000000003,282,-0.989932495087353,0.141540295217043
2024-10-09,30.0,25.0,27.6,2.0,14.9,82,Chennai,1,27.7,1.4,81.0,28.457142857142856,8.700000000000003,283,-0.9873494423939864,0.15855938510313475
2024-10-10,29.8,24.3,27.1,16.5,14.8,84,Chennai,1,27.6,2.0,82.0,28.114285714285717,23.6,284,-0.9844738167520923,0.17553149042142777
2024-10-11,29.8,24.6,27.4,7.4,14.2,83,Chennai,1,27.1,16.5,84.0,27.885714285714283,28.800000000000004,285,-0.9813064702716093,0.19245158197082995
2024-10-12,29.6,25.2,27.4,3.3,15.8,82,Chennai,1,27.4,7.4,83.0,27.67142857142857,32.0,286,-0.9778483415056567,0.20931464596304888
2024-10-13,29.9,24.1,27.3,2.5,13.8,83,Chennai,1,27.4,3.3,82.0,27.485714285714288,34.5,287,-0.9741004551724206,0.22611568550828803
2024-10-14,26.7,24.3,25.6,69.2,24.2,92,Chennai,1,27.3,2.5,83.0,27.157142857142855,102.30000000000001,288,-0.970063921851507,0.2428497220959358
2024-10-15,28.2,24.7,26.1,63.4,19.5,90,Chennai,1,25.6,69.2,92.0,26.928571428571427,164.29999999999998,289,-0.965739937654855,0.25951179706979943
2024-10-16,28.6,23.9,25.8,39.7,14.5,90,Chennai,1,26.1,63.4,90.0,26.671428571428574,202.0,290,-0.9611297838723007,0.27609697309746883
2024-10-17,30.3,23.9,27.2,3.2,10.5,85,Chennai,1,25.8,39.7,90.0,26.685714285714283,188.7,291,-0.9562348265919058,0.2926003356333479
2024-10-18,28.8,24.4,26.8,11.6,14.1,88,Chennai,1,27.2,3.2,85.0,26.6,192.89999999999998,292,-0.9510565162951536,0.30901699437494723
2024-10-19,29.3,24.1,26.8,8.0,10.8,87,Chennai,1,26.8,11.6,88.0,26.514285714285716,197.6,293,-0.9455963874271428,0.3253420847119795
2024-10-20,29.9,24.5,27.1,5.8,13.5,86,Chennai,1,26.8,8.0,87.0,26.485714285714288,200.9,294,-0.9398560579418953,0.341570769167856
2024-10-21,30.1,25.4,27.7,1.6,10.9,83,Chennai,1,27.1,5.8,86.0,26.785714285714285,133.29999999999998,295,-0.9338372288229252,0.35769823883312546
2024-10-22,30.3,24.3,27.2,1.0,12.6,86,Chennai,0,27.7,1.6,83.0,26.942857142857147,70.89999999999998,296,-0.9275416835791965,0.3737197147904692
2024-10-23,31.5,24.1,27.5,0.0,12.9,82,Chennai,0,27.2,1.0,86.0,27.185714285714287,31.199999999999985,297,-0.9209712877166347,0.38963044953078774
2024-10-24,31.2,25.1,27.6,0.0,12.7,79,Chennai,0,27.5,0.0,82.0,27.242857142857144,27.999999999999986,298,-0.9141279881853337,0.4054257283599973
2024-10-25,32.7,24.0,27.9,0.0,12.9,75,Chennai,0,27.6,0.0,79.0,27.400000000000002,16.399999999999984,299,-0.9070138128026362,0.42110087079608916
2024-10-26,33.5,24.2,28.3,0.0,13.1,71,Chennai,0,27.9,0.0,75.0,27.61428571428571,8.399999999999986,300,-0.8996308696522434,0.4366512319560638
2024-10-27,32.3,24.1,28.0,0.6,11.2,74,Chennai,0,28.3,0.0,71.0,27.74285714285714,3.199999999999986,301,-0.8919813464595487,0.45207220393230374
2024-10-28,32.2,24.3,27.7,1.7,11.8,76,Chennai,1,28.0,0.6,74.0,27.74285714285714,3.2999999999999856,302,-0.8840675099433637,0.46735921715800205
2024-10-29,32.1,24.6,28.3,1.1,12.7,81,Chennai,1,27.7,1.7,76.0,27.900000000000002,3.3999999999999857,303,-0.8758917051442433,0.48250774176121763
2024-10-30,31.5,25.5,27.8,4.8,13.1,83,Chennai,1,28.3,1.1,81.0,27.942857142857147,8.199999999999985,304,-0.8674563547295971,0.4975132889071803
2024-10-31,30.1,25.1,27.3,1.9,13.9,86,Chennai,1,27.8,4.8,83.0,27.9,10.099999999999985,305,-0.858763958275803,0.5123714121284235
2024-11-01,29.2,24.8,26.7,5.9,11.8,85,Chennai,1,27.3,1.9,86.0,27.728571428571428,15.999999999999986,306,-0.8498170915275277,0.5270777086423724
2024-11-02,29.2,24.2,26.7,4.4,9.9,85,Chennai,1,26.7,5.9,85.0,27.5,20.399999999999984,307,-0.8406184056344783,0.5416278206559811
2024-11-03,29.6,23.7,26.6,3.7,17.3,85,Chennai,1,26.7,4.4,85.0,27.3,23.499999999999986,308,-0.8311706263658079,0.5560174366570446
2024-11-04,30.1,23.5,26.9,1.2,14.2,80,Chennai,1,26.6,3.7,85.0,27.185714285714283,22.999999999999986,309,-0.8214765533024145,0.5702422926917867
2024-11-05,30.5,23.9,27.3,0.1,19.1,73,Chennai,0,26.9,1.2,80.0,27.042857142857144,21.99999999999999,310,-0.8115390590073611,0.5842981736283683
2024-11-06,28.7,24.6,26.0,14.9,18.8,85,Chennai,1,27.3,0.1,73.0,26.785714285714285,32.09999999999999,311,-0.801361088174677,0.5981809144059158
2024-11-07,29.6,24.0,26.9,2.6,20.7,83,Chennai,1,26.0,14.9,85.0,26.72857142857143,32.79999999999999,312,-0.7909456567567774,0.6118864012687242
2024-11-08,30.4,26.1,28.1,0.2,20.1,75,Chennai,0,26.9,2.6,83.0,26.928571428571427,27.099999999999987,313,-0.780295851070776,0.6254105729852457
2024-11-09,30.4,24.7,27.5,1.0,21.8,74,Chennai,0,28.1,0.2,75.0,27.042857142857144,23.69999999999999,314,-0.7694148268839381,0.6387494220515268
2024-11-10,30.3,24.3,27.3,1.5,23.2,74,Chennai,1,27.5,1.0,74.0,27.142857142857142,21.499999999999986,315,-0.7583058084785625,0.6518989958787125
2024-11-11,30.2,24.0,26.8,4.4,27.2,80,Chennai,1,27.3,1.5,74.0,27.12857142857143,24.699999999999985,316,-0.7469720876965551,0.6648553979642866
2024-11-12,27.5,24.0,25.5,42.4,13.1,92,Chennai,1,26.8,4.4,80.0,26.87142857142857,66.99999999999999,317,-0.7354170229639858,0.6776147890466887
2024-11-13,26.9,24.0,25.6,33.1,13.5,92,Chennai,1,25.5,42.4,92.0,26.814285714285713,85.19999999999999,318,-0.7236440382959124,0.690173388242972
2024-11-14,28.9,24.3,26.0,12.6,15.4,89,Chennai,1,25.6,33.1,92.0,26.685714285714287,95.19999999999999,319,-0.711656622281775,0.7025274741691566
2024-11-15,28.1,24.1,26.0,16.9,13.5,89,Chennai,1,26.0,12.6,89.0,26.385714285714283,111.89999999999998,320,-0.6994583270516471,0.7146733860429608
2024-11-16,27.7,24.0,26.1,11.2,13.9,88,Chennai,1,26.0,16.9,89.0,26.185714285714287,122.09999999999998,321,-0.6870527672236675,0.7266075247685652
2024-11-17,29.5,24.0,27.0,2.5,19.3,80,Chennai,1,26.1,11.2,88.0,26.142857142857142,123.09999999999998,322,-0.6744436188329457,0.7383263540031063
2024-11-18,29.2,25.8,27.2,0.0,18.6,74,Chennai,0,27.0,2.5,80.0,26.2,118.69999999999997,323,-0.661634618242279,0.749826401204568
2024-11-19,28.7,25.4,26.8,0.5,19.4,73,Chennai,0,27.2,0.0,74.0,26.385714285714283,76.79999999999998,324,-0.6486295610349818,0.7611042586607742
2024-11-20,28.9,25.0,26.7,0.0,16.8,71,Chennai,0,26.8,0.5,73.0,26.542857142857144,43.699999999999974,325,-0.6354323008901775,0.7721565844991641
2024-11-21,29.0,25.2,26.6,0.0,17.3,69,Chennai,0,26.7,0.0,71.0,26.62857142857143,31.099999999999977,326,-0.622046748440868,0.7829801036770624
2024-11-22,29.2,23.1,26.3,0.0,18.2,72,Chennai,0,26.6,0.0,69.0,26.671428571428574,14.199999999999978,327,-0.6084768701151264,0.7935716089521472
2024-11-23,28.9,23.5,26.4,1.1,18.0,79,Chennai,1,26.3,0.0,72.0,26.714285714285715,4.099999999999978,328,-0.594726686960764,0.8039279618328208
2024-11-24,29.6,25.5,27.0,0.1,18.1,74,Chennai,0,26.4,1.1,79.0,26.714285714285715,1.6999999999999789,329,-0.5808002734538013,0.8140460935082175
2024-11-25,29.6,24.3,26.6,1.3,23.0,75,Chennai,1,27.0,0.1,74.0,26.62857142857143,2.9999999999999787,330,-0.5667017562911184,0.8239230057575536
2024-11-26,26.8,23.6,25.0,22.5,19.6,90,Chennai,1,26.6,1.3,75.0,26.371428571428574,24.99999999999998,331,-0.5524353131676203,0.8335557718385695
2024-11-27,27.7,24.5,26.4,5.4,26.8,75,Chennai,1,25.0,22.5,90.0,26.32857142857143,30.399999999999977,332,-0.5380051715382992,0.8429415373547832
2024-11-28,26.4,23.9,25.2,21.0,27.5,82,Chennai,1,26.4,5.4,75.0,26.12857142857143,51.39999999999998,333,-0.5234156073655503,0.8520775211013093
2024-11-29,25.1,23.3,24.3,25.6,23.3,91,Chennai,1,25.2,21.0,82.0,25.842857142857138,76.99999999999997,334,-0.5086709438521042,0.8609610158889945
2024-11-30,26.5,23.9,25.2,158.4,48.7,92,Chennai,1,24.3,25.6,91.0,25.671428571428574,234.29999999999998,335,-0.49377555015997737,0.8695893893466109
2024-12-01,27.8,24.8,26.1,25.3,28.6,87,Chennai,1,25.2,158.4,92.0,25.54285714285714,259.5,336,-0.4787338401157883,0.8779600847008883
2024-12-02,28.9,25.3,26.8,10.2,20.4,85,Chennai,1,26.1,25.3,87.0,25.571428571428573,268.4,337,-0.4635502709028512,0.8860706215341378
2024-12-03,29.4,24.6,27.0,4.0,13.9,85,Chennai,1,26.8,10.2,85.0,25.857142857142858,249.89999999999998,338,-0.4482293417404106,0.893918596519257
2024-12-04,28.8,24.8,26.8,3.5,10.7,87,Chennai,1,27.0,4.0,85.0,25.914285714285715,247.99999999999997,339,-0.4327755925504317,0.9015016841318838
2024-12-05,29.1,23.7,26.0,0.8,11.5,89,Chennai,0,26.8,3.5,87.0,26.02857142857143,227.79999999999998,340,-0.41719360261231697,0.9088176373395028
2024-12-06,28.0,24.2,26.2,1.8,11.4,90,Chennai,1,26.0,0.8,89.0,26.3,203.99999999999997,341,-0.4014879892059737,0.9158642882672868
2024-12-07,29.2,24.1,26.6,0.4,10.8,84,Chennai,0,26.2,1.8,90.0,26.5,45.99999999999997,342,-0.38566340624360745,0.9226395488404875
2024-12-08,29.4,23.8,26.8,0.0,9.8,79,Chennai,0,26.6,0.4,84.0,26.6,20.69999999999997,343,-0.3697245428906732,0.9291414114031743
2024-12-09,29.2,23.3,26.5,1.0,12.2,83,Chennai,0,26.8,0.0,79.0,26.557142857142857,11.499999999999972,344,-0.3536761221763721,0.935367949313148
2024-12-10,29.3,24.7,26.9,0.2,17.9,79,Chennai,0,26.5,1.0,83.0,26.54285714285714,7.699999999999972,345,-0.33752289959411347,0.941317317512847
2024-12-11,27.2,24.1,25.6,16.1,24.9,87,Chennai,1,26.9,0.2,79.0,26.371428571428574,20.299999999999972,346,-0.32126966169236515,0.9469877530760751
2024-12-12,26.0,23.8,25.0,47.9,18.8,90,Chennai,1,25.6,16.1,87.0,26.22857142857143,67.39999999999998,347,-0.3049212246562894,0.9523775757303973
2024-12-13,27.9,25.2,26.3,2.1,20.1,78,Chennai,1,25.0,47.9,90.0,26.24285714285714,67.69999999999997,348,-0.2884824328806098,0.9574851883550389
2024-12-14,28.4,24.6,26.2,0.0,19.5,70,Chennai,0,26.3,2.1,78.0,26.185714285714287,67.29999999999997,349,-0.27195815753410524,0.9623090774541487
2024-12-15,27.5,24.3,25.6,0.0,22.4,68,Chennai,0,26.2,0.0,70.0,26.014285714285712,67.29999999999997,350,-0.2553532951161881,0.9668478136052773
2024-12-16,27.0,22.7,24.8,0.0,20.4,71,Chennai,0,25.6,0.0,68.0,25.77142857142857,66.29999999999997,351,-0.23867276600594997,0.9711000518829505
2024-12-17,26.3,22.1,23.9,8.2,22.9,80,Chennai,1,24.8,0.0,71.0,25.342857142857145,74.29999999999997,352,-0.22192151300416674,0.9750645322571945
2024-12-18,26.3,22.0,24.0,24.1,20.5,91,Chennai,1,23.9,8.2,80.0,25.11428571428571,82.29999999999997,353,-0.20510449986861926,0.9787400799669153
2024-12-19,27.3,23.5,25.2,7.0,17.4,90,Chennai,1,24.0,24.1,91.0,25.142857142857142,41.39999999999997,354,-0.1882267098432439,0.9821256058680006
2024-12-20,28.8,24.0,25.9,15.9,19.1,88,Chennai,1,25.2,7.0,90.0,25.085714285714285,55.19999999999997,355,-0.1712931441814778,0.9852201067560606
2024-12-21,28.6,24.1,26.0,1.5,16.0,87,Chennai,1,25.9,15.9,88.0,25.057142857142853,56.69999999999997,356,-0.154308820664281,0.9880226656636976
2024-12-22,28.4,24.1,25.8,0.2,16.2,85,Chennai,0,26.0,1.5,87.0,25.085714285714285,56.89999999999997,357,-0.13727877211326517,0.9905324521322227
2024-12-23,28.6,23.1,25.7,0.0,20.0,83,Chennai,0,25.8,0.2,85.0,25.214285714285715,56.89999999999997,358,-0.12020804489935275,0.9927487224577402
2024-12-24,27.9,23.5,25.2,7.6,18.4,85,Chennai,1,25.7,0.0,83.0,25.400000000000002,56.299999999999976,359,-0.10310169744743544,0.9946708199115211
2024-12-25,27.5,23.1,24.8,2.8,19.2,88,Chennai,1,25.2,7.6,85.0,25.514285714285712,34.99999999999997,360,-0.0859647987374467,0.9962981749346077
2024-12-26,28.2,24.5,26.2,10.1,19.7,88,Chennai,1,24.8,2.8,88.0,25.657142857142855,38.09999999999997,361,-0.06880242680232064,0.9976303053065857
2024-12-27,28.5,23.7,26.2,4.1,22.2,80,Chennai,1,26.2,10.1,88.0,25.7,26.299999999999972,362,-0.05161966722325418,0.9986668162884759
2024-12-28,28.3,24.9,26.4,0.2,15.0,78,Chennai,0,26.2,4.1,80.0,25.75714285714286,24.999999999999968,363,-0.034421611622745804,0.9994074007397048
2024-12-29,27.9,24.3,26.0,1.0,19.6,79,Chennai,0,26.4,0.2,78.0,25.785714285714285,25.79999999999997,364,-0.01721335615583528,0.9998518392091162
2024-12-30,28.0,23.8,25.8,3.5,19.9,84,Chennai,1,26.0,1.0,79.0,25.800000000000004,29.29999999999997,365,6.432490598706546e-16,1.0
2024-12-31,28.2,24.5,26.1,0.1,18.7,81,Chennai,0,25.8,3.5,84.0,25.928571428571427,21.799999999999972,366,0.017213356155833904,0.9998518392091162
